Woolworths Mini Cup Cake Choc Mud 9 pack,9,Servingsize:20g,Energy,334kJ,1670kJ,Protein,1.1g,5.5g,"Fat, total",3.4g,16.9g,– saturated,1.8g,9.1g,Carbohydrate,10.9g,54.7g,– sugars,7.5g,37.3g,Sodium,88mg,439mg
Woolworths Vanilla Cupcakes With Buttercream Frosting 9 pack,9,Servingsize:25g,Energy,Approx. 490kJ,Approx. 1960kJ,Protein,Approx. 1g,Approx. 3g,"Fat, total",Approx. 6.1g,Approx. 24.5g,– saturated,Approx. 3.4g,Approx. 13.7g,Carbohydrate,Approx. 14.7g,Approx. 58.9g,– sugars,Approx. 9.6g,Approx. 38.3g,Sodium,Approx. 50mg,Approx. 199mg
Woolworths Cup Cake Mini Iced 9 pack,9,Servingsize:20g,Energy,340kJ,1700kJ,Protein,1.0g,5.2g,"Fat, total",3.1g,15.7g,– saturated,1.7g,8.3g,Carbohydrate,12.0g,60.0g,– sugars,7.4g,37.1g,Sodium,91mg,455mg
Mission Wraps Light 8pk 567g,8,Servingsize:71g,Energy,751kJ,1100kJ,Protein,5.7g,8.1g,"Fat, total",2.0g,2.8g,– saturated,0.9g,1.2g,Carbohydrate,35.0g,49.3g,– sugars,2.1g,2.9g,Sodium,646mg,910mg
Woolworths English Muffins6 pack,6,Servingsize:100g,Energy,Approx. 602kJ,Approx. 898kJ,Protein,Approx. 5.8g,Approx. 8.6g,"Fat, total",Approx. 1.5g,Approx. 2.3g,– saturated,<1g,<1g,Carbohydrate,Approx. 25.1g,Approx. 37.4g,– sugars,Approx. 1.7g,Approx. 2.6g,Sodium,Approx. 240mg,Approx. 358mg
Helga's Grain Bread Mixed Grain 850g,9(16slices+2Crusts),Servingsize:94g(2slices),Energy,980kJ,1040kJ,Protein,9.0g,9.6g,"Fat, total",3.0g,3.2g,– saturated,<1.0g,<1.0g,Carbohydrate,40.4g,43.0g,– sugars,2.8g,3.0g,Sodium,380mg,400mg
Woolworths Country Loaf Wholegrain 850g,9,Servingsize:100g,Energy,Approx. 964kJ,Approx. 1010kJ,Protein,Approx. 8.2g,Approx. 8.6g,"Fat, total",Approx. 2.9g,Approx. 3.1g,– saturated,<1g,<1g,Carbohydrate,Approx. 40.2g,Approx. 42.3g,– sugars,Approx. 2.5g,Approx. 2.6g,Sodium,Approx. 380mg,Approx. 400mg
Helga's Wholemeal Bread With Grains 850g,9(16slicesand2crusts),Servingsize:94g,Energy,950kJ,1010kJ,Protein,9.3g,9.9g,"Fat, total",3.8g,4.0g,– saturated,<1.0g,<1.0g,Carbohydrate,35.7,38.0g,– sugars,3.3g,3.5g,Sodium,375mg,400mg
Abbotts Village Bakery Grainy Wholemeal 850g,9(16slices+2crusts),Servingsize:95g(2slices),Energy,960kJ,1010kJ,Protein,9.4g,9.9g,"Fat, total",2.6g,2.7g,– saturated,0.5g,0.5g,Carbohydrate,38.2g,40.2g,– sugars,3.0g,3.2g,Sodium,380mg,400mg
Woolworths Apple Crumble Tart 800g,8,Servingsize:100g,Energy,Approx. 1020.0kJ,Approx. 1020kJ,,,,,,,– saturated,Approx. 5.3g,Approx. 5.3g,Carbohydrate,Approx. 42.1g,Approx. 42.1g,,,,Sodium,Approx. 26.0mg,Approx. 26mg
Abbott's Village Bakery Bread Country Grains 800g,9(16slices+2crusts),Servingsize:89g(2slices),Energy,935kJ,1050kJ,Protein,7.9g,8.9g,"Fat, total",3.1g,3.5g,– saturated,1.0g,0.5g,Carbohydrate,38.3g,43.0g,– sugars,2.9g,3.3g,Sodium,350mg,393mg
Woolworths Pikelets8 pack,8,Servingsize:100g,Energy,Approx. 238kJ,Approx. 950kJ,Protein,Approx. 1.3g,Approx. 5.3g,"Fat, total",Approx. 1.3g,Approx. 5.1g,– saturated,<1g,<1g,Carbohydrate,Approx. 9.4g,Approx. 37.7g,– sugars,Approx. 3g,Approx. 12.2g,Sodium,Approx. 92mg,Approx. 370mg
Woolworths Mini Choc Chip Muffin 8 pack,8,Servingsize:40g(1Muffin),Energy,624kJ,1560kJ,Protein,2.0g,5.0g,"Fat, total",5.4g,13.5g,– saturated,1.2g,3.1g,Carbohydrate,23.0g,57.5g,– sugars,11.5g,28.7g,Sodium,206mg,515mg
Woolworths White Wrap8 pack,8,Servingsize:45g(1Wrap),Energy,542kJ,1200kJ,Protein,4.0g,8.9g,"Fat, total",3.7g,8.3g,– saturated,1.9g,4.2g,Carbohydrate,18.6g,41.3g,– sugars,1.1g,2.4g,Sodium,154mg,342mg
Golden Waffles Light & Buttery 8 pack,4,Servingsize:100g,Energy,Approx. 1080kJ,Approx. 1960kJ,Protein,Approx. 3.7g,Approx. 6.8g,"Fat, total",Approx. 13.5g,Approx. 24.5g,– saturated,Approx. 8g,Approx. 14.6g,Carbohydrate,Approx. 30.2g,Approx. 54.9g,– sugars,Approx. 18.3g,Approx. 33.2g,Sodium,Approx. 198mg,Approx. 360mg
Woolworths Ginger Kisses8 pack,8,Servingsize:100g,Energy,Approx. 457kJ,Approx. 1830kJ,Protein,Approx. 1.4g,Approx. 5.6g,"Fat, total",Approx. 5.8g,Approx. 23.4g,– saturated,Approx. 3g,Approx. 11.8g,Carbohydrate,Approx. 12.8g,Approx. 51.1g,– sugars,Approx. 7g,Approx. 27.8g,Sodium,Approx. 138mg,Approx. 552mg
Woolworths Mini Banana Muffin8 pack,8,Servingsize:40g(1Muffin),Energy,576kJ,1440kJ,Protein,2.0g,5.1g,"Fat, total",5.2g,13.1g,– saturated,<1.0g,1.2g,Carbohydrate,20.4g,51.1g,– sugars,11.5g,28.7g,Sodium,169mg,423mg
Woolworths Caramel Slice Bites 8 pack,8,Servingsize:25g,Energy,484kJ,1940kJ,Protein,1.2g,4.6g,"Fat, total",5.5g,22.0g,– saturated,3.7g,14.9g,Carbohydrate,15.2g,61.0g,– sugars,6.5g,26.0g,Sodium,39mg,157mg
Woolworths Choc Mint Slices 8 pack,8,Servingsize:100g,Energy,Approx. 461kJ,Approx. 1850kJ,Protein,Approx. 1g,Approx. 3.7g,"Fat, total",Approx. 4g,Approx. 15.8g,– saturated,Approx. 2.4g,Approx. 9.4g,Carbohydrate,Approx. 17.5g,Approx. 70g,– sugars,Approx. 13.8g,Approx. 55g,Sodium,Approx. 72mg,Approx. 290mg
Woolworths Hedgehog Slice Bites 8 pack,8,Servingsize:25g,Energy,478kJ,1910kJ,Protein,1.5g,6.1g,"Fat, total",5.2g,21.0g,– saturated,3.3g,13.3g,Carbohydrate,14.8g,59.0g,– sugars,8.0g,32.0g,Sodium,82mg,330mg
Mission Wraps Mini Wheat 8 pack,8,Servingsize:48g,Energy,588kJ,1220kJ,Protein,4.5g,8.4g,"Fat, total",4.5g,9.4g,– saturated,2.5g,4.5g,Carbohydrate,30.5g,40.1g,– sugars,3.2g,2.6g,Sodium,418mg,870mg
Mission Wraps Mini Original 8 pack,8,Servingsize:48g,Energy,595kJ,1240kJ,Protein,3.7g,7.8g,"Fat, total",3.9g,8.1g,– saturated,1.9g,3.9g,Carbohydrate,21.7g,45.1g,– sugars,4.0g,8.3g,Sodium,379mg,790mg
Mission Wraps Roasted Garlic8 pack,8,Servingsize:71g,Energy,695kJ,1260kJ,Protein,5.6g,7.9g,"Fat, total",5.5g,7.8g,– saturated,2.6g,3.7g,Carbohydrate,33.9g,47.8g,– sugars,4.4,6.2g,Sodium,653m,920mg
Helgas Wholemeal Wraps 8 pack,8,Servingsize:70g(1wrap),Energy,850kJ,1210kJ,Protein,5.3g,7.6g,"Fat, total",5.3g,7.6g,– saturated,3.0g,4.3g,Carbohydrate,31.3g,44.7g,– sugars,1.5g,2.1g,Sodium,280mg,400mg
Mountain Bread Natural Light Wraps 8 pack,8,Servingsize:25g,Energy,310kJ,1240kJ,Protein,2.8g,11.3g,"Fat, total",0.3g,1.4g,– saturated,0.1g,0.4g,Carbohydrate,14.4g,57.4g,– sugars,0.6g,2.3g,Sodium,112mg,450mg
Woolworths Vol Au Vents Medium Unfilled 2pk 75g,2,Servingsize:100g,Energy,Approx. 874kJ,Approx. 2330kJ,Protein,Approx. 3g,Approx. 8.1g,"Fat, total",Approx. 14.2g,Approx. 38g,– saturated,Approx. 10.1g,Approx. 26.9g,Carbohydrate,Approx. 17g,Approx. 45.3g,– sugars,Approx. 1g,Approx. 1.3g,Sodium,Approx. 114mg,Approx. 304mg
Helga's Grain Bread Soy & Linseed 750g,9(16slicesand2crusts),Servingsize:94g,Energy,1020kJ,1090kJ,Protein,10.6g,11.3g,"Fat, total",6.0,6.4,– saturated,<1.0g,<1.0,Carbohydrate,33.7g,35.8,– sugars,3.0,3.2g,Sodium,375mg,400mg
9 Grain Tip Top Plus Wholemeal 750g,9.5(17slices+2crusts),Servingsize:79g(2Slices),Energy,822kJ,1040kJ,Protein,9.8g,12.4g,"Fat, total",5.1g,6.4g,– saturated,0.6g,0.7g,Carbohydrate,24.2g,30.6g,– sugars,1.5g,1.9g,Sodium,292mg,370mg
Helga's Square Loaf 10 Grains & Seeds 750g,8(15slicesand2crusts),Servingsize:94g(2slices),Energy,1120kJ,1190kJ,Protein,9.5g,10.1g,"Fat, total",3.9g,4.1g,– saturated,<1.0g,1.0g,Carbohydrate,45.7g,48.6g,– sugars,2.6g,2.8g,Sodium,375mg,400mg
Helga's Square Loaf 10 Grains & Seeds Wholemeal 750g,8(15slicesand2crusts),Servingsize:94g(2slices),Energy,1100kJ,1170kJ,Protein,10.0g,10.6g,"Fat, total",3.9g,4.1g,– saturated,<1.0g,<1.0g,Carbohydrate,43.1g,45.8g,– sugars,2.5g,2.7g,Sodium,375mg,400mg
Abbott's Village Bakery Harvest Seeds & Grains Bread 750g,9(16slices+2crusts),Servingsize:84g(2slices),Energy,916kJ,1090kJ,Protein,7.6g,9.0g,"Fat, total",4.0g,4.8g,– saturated,1.0g,0.6g,Carbohydrate,36.0g,42.9g,– sugars,2.5g,3.0g,Sodium,336mg,400mg
Abbott's Village Bakery Pumpkin Sunflower Seed & Caramelised Onion 750g,9.5(16slices+2crusts),Servingsize:84g(2slices),Energy,832kJ,990kJ,Protein,7.7g,9.2g,"Fat, total",1.8g,2.2g,– saturated,0.4g,0.5g,Carbohydrate,34.7g,41.3g,– sugars,2.9g,3.4g,Sodium,336mg,400mg
Abbott's Village Bakery Toasted Soy Chickpea & Quinoa 750g,9(16slices+2crusts),Servingsize:84g(2slices),Energy,932kJ,1110kJ,Protein,9.6g,11.4g,"Fat, total",3.8g,4.5g,– saturated,0.5g,0.6g,Carbohydrate,35.8g,42.6g,– sugars,3.1g,3.7g,Sodium,336mg,400mg
Helga's Bread Traditional White 750g,9(16Slices+2Crusts),Servingsize:83g(2Slices),Energy,840kJ,1010kJ,Protein,6.8g,8.2g,"Fat, total",2.0g,2.4g,– saturated,<1.0g,<1.0g,Carbohydrate,35.8g,43.1g,– sugars,2.5g,3.0g,Sodium,330mg,400mg
Helga's Bread Traditional Wholemeal 750g,9(16slicesand2crusts),Servingsize:83,Energy,820kJ,1000kJ,Protein,7.5g,9.0g,"Fat, total",2.1g,2.5g,– saturated,<1.0g,<1.0g,Carbohydrate,34.3g,41.5g,– sugars,2.5g,3.0g,Sodium,335mg,400mg
Woolworths Country Loaf Wholemeal 750g,9,Servingsize:100g,Energy,Approx. 785kJ,Approx. 934kJ,Protein,Approx. 7.1g,Approx. 8.5g,"Fat, total",Approx. 1.8g,Approx. 2.2g,– saturated,<1g,<1g,Carbohydrate,Approx. 32.8g,Approx. 39g,– sugars,Approx. 1.8g,Approx. 2.2g,Sodium,Approx. 336mg,Approx. 400mg
Woolworths Country Loaf White 750g,9,Servingsize:100g,Energy,Approx. 851kJ,Approx. 1010kJ,Protein,Approx. 6.7g,Approx. 8g,"Fat, total",Approx. 2.3g,Approx. 2.7g,– saturated,<1g,<1g,Carbohydrate,Approx. 37.1g,Approx. 44.2g,– sugars,Approx. 2.4g,Approx. 2.8g,Sodium,Approx. 336mg,Approx. 400mg
Lawson Wholemeal Traditional Bread 750g,7(12Slicesand2Crusts),Servingsize:107g(2Slices),Energy,995kJ,930kJ,Protein,9.6g,9.0g,"Fat, total",3.3g,3.1g,– saturated,<1.0g,<1.0g,Carbohydrate,36.9g,34.5g,– sugars,2.6g,2.4g,Sodium,430mg,400mg
Lawson Settlers Grain Traditional Bread 750g,7(12Slicesand2Crusts),Servingsize:107g(2Slices),Energy,1090kJ,1020kJ,Protein,11.4g,10.7g,"Fat, total",2.7g,2.5g,– saturated,<1.0g,<1.0g,Carbohydrate,45.4g,42.4g,– sugars,2.9g,2.7g,Sodium,430mg,400mg
Lawson White Traditional Bread 750g,7(12Slicesand2Crusts),Servingsize:107g(2Slices),Energy,1100kJ,1030kJ,Protein,8.2g,7.7g,"Fat, total",2.4g,2.2g,– saturated,<1.0g,<1.0g,Carbohydrate,49.8g,46.5g,– sugars,3.3g,3.1g,Sodium,430mg,400mg
Abbott's Village Bakery Farmhouse Wholemeal Bread 750g,9(16slices+2crusts),Servingsize:84g(2slices),Energy,848kJ,987kJ,Protein,7.3g,8.7g,"Fat, total",2.4g,2.9g,– saturated,1.0g,0.5g,Carbohydrate,33.6g,40.0g,– sugars,3.0g,3.6g,Sodium,292mg,348mg
Helga's Pumpkin Seed And Grain 720g,9(16slicesand2crusts),Servingsize:80g,Energy,890kJ,1110kJ,Protein,8.3g,10.4g,"Fat, total",4.4g,5.5g,– saturated,<1.0g,",1.0g",Carbohydrate,32.9g,41.1g,– sugars,2.2g,3.3g,Sodium,320mg,400mg
Woolworths New York Style Baked Cheesecake 700g,8,Servingsize:87g,Energy,Approx. 1300kJ,Approx. 1490kJ,Protein,Approx. 5.1g,Approx. 5.9g,"Fat, total",Approx. 23g,Approx. 26.4g,– saturated,Approx. 16.4g,Approx. 18.9g,Carbohydrate,Approx. 21.3g,Approx. 24.5g,– sugars,Approx. 10g,Approx. 11.5g,Sodium,Approx. 137mg,Approx. 158mg
Woolworths Lightly Fruited Cake700g,16,Servingsize:100g,Energy,Approx. 716kJ,Approx. 1640kJ,Protein,Approx. 2.1g,Approx. 4.4g,"Fat, total",Approx. 6.6g,Approx. 14.2g,– saturated,Approx. 1.5g,Approx. 2.6g,Carbohydrate,Approx. 25.2g,Approx. 60g,– sugars,Approx. 15.2g,Approx. 37g,Sodium,Approx. 212mg,Approx. 350mg
9 Grain Tip Top Bread Original 700g,9.5(17slices+2crusts),Servingsize:74g(2slices),Energy,770kJ,1040kJ,Protein,9.0g,12.1g,"Fat, total",3.7g,5.0g,– saturated,0.4g,0.6g,Carbohydrate,26.0g,35.1g,– sugars,1.6g,2.2g,Sodium,296mg,400mg
9 Grain Tip Top Pumpkin Seed 700g,9.5(17slices+2crusts),Servingsize:74g(2slices),Energy,814kJ,1100kJ,Protein,10.2g,13.8g,"Fat, total",4.7g,6.4g,– saturated,0.7g,1.0g,Carbohydrate,24.9g,33.7g,– sugars,1.6g,2.1g,Sodium,318mg,400mg
Bürgen Bread Pumpkin Seeds 700g,8(14slices+2crusts,Servingsize:83g(2slices),Energy,850kJ,1020kJ,Protein,11.8g,14.2g,"Fat, total",6.3g,7.6g,– saturated,0.8g,1.0g,Carbohydrate,21.9g,26.4g,– sugars,1.9g,2.3g,Sodium,332mg,400mg
Burgen Bread Traditional Rye 700g,8(14slices+2crusts),Servingsize:83g(2slices),Energy,859kJ,1035kJ,Protein,8.8g,10.6g,"Fat, total",4.3g,5.2g,– saturated,0.4g,0.5g,Carbohydrate,29.4g,35.4g,– sugars,1.2g,1.5g,Sodium,388mg,17%
Bürgen Bread Soy & Linseed 700g,8(14slices+2crusts),Servingsize:83g(2slices),Energy,751kJ,905kJ,Protein,11.2g,13.5g,"Fat, total",4.8g,5.8g,– saturated,0.7g,0.8g,Carbohydrate,19.9g,24.0g,– sugars,2.4g,2.9g,Sodium,361mg,435mg
Bürgen Bread Wholegrain & Oats 700g,8(15slices+2crusts),Servingsize:83g(2slices),Energy,765kJ,922kJ,Protein,8.6g,10.4g,"Fat, total",4.0g,4.8g,– saturated,0.6g,0.8g,Carbohydrate,24.8g,29.8g,– sugars,1.7g,2.1g,Sodium,293mg,353mg
Tip Top Sunblest Multi Grain Sandwich Bread 650g,11(20slices+2crusts),Servingsize:60g(2slices),Energy,615kJ,1100kJ,Protein,5.3g,9.0g,"Fat, total",1.1g,3.0g,– saturated,0.2g,0.7g,Carbohydrate,27.0g,47.0g,– sugars,1.9g,2.5g,Sodium,234mg,400mg
Helga's Lower Carb Bread Soy & Toasted Sesame 700g,10(18Slices+2Crusts),Servingsize:70g(2Slices),Energy,790kJ,1130kJ,Protein,11.1g,15.8g,"Fat, total",5.8g,8.3g,– saturated,<1.0g,1.3g,Carbohydrate,20.5g,29.3g,– sugars,2.7g,3.9g,Sodium,280mg,400mg
Tip Top The One Kids' Grains 700g,17slices+2crusts,Servingsize:74g(2slices),Energy,774kJ,1050kJ,Protein,7.4g,10.0g,"Fat, total",3.6g,4.8g,– saturated,0.5g,0.7g,Carbohydrate,28.3g,38.2g,– sugars,1.7g,2.2g,Sodium,288mg,390mg
Abbotts Village Bakery Dark Rye Bread700g,9(16slices+2crusts),Servingsize:78g,Energy,803kJ,1030kJ,Protein,7.5g,9.6g,"Fat, total",2.5g,3.2g,– saturated,0.4g,0.5g,Carbohydrate,33.1g,42.2g,– sugars,1.9g,2.4g,Sodium,257mg,330mg
Schwob's Swiss Farmer Light Rye Cob 700g,12,Servingsize:70g,Energy,688kJ,954.3g,Protein,7.1g,10.1g,"Fat, total",1.4g,2.0g,– saturated,0.4g,0.45g,Carbohydrate,27.3g,39.2g,– sugars,2.8g,4.0g,Sodium,434mg,620mg
The One Tip Top Toast Bread White 700g,17slices+2crusts,Servingsize:74g(2slices),Energy,741kJ,950kJ,Protein,6.3g,8.1g,"Fat, total",1.6g,2.1g,– saturated,0.3g,0.4g,Carbohydrate,31.0g,39.8g,– sugars,2.3g,3.0g,Sodium,312mg,400mg
The One Tip Top Sandwich Bread Wholemeal 700g,17slices+2crusts,Servingsize:74g(2slices),Energy,723kJ,977kJ,Protein,7.2g,9.7g,"Fat, total",2.3g,3.1g,– saturated,0.4g,0.5g,Carbohydrate,27.4g,37.0g,– sugars,2.2g,3.1g,Sodium,289mg,390mg
The One Tip Top Omega 3 Sandwich Bread White 700g,17slices+2crusts,Servingsize:74g(2slices),Energy,720kJ,973kJ,Protein,6.3g,8.5g,"Fat, total",1.5g,2.0g,– saturated,0.4g,0.5g,Carbohydrate,31.5g,42.5g,– sugars,2.3g,3.1g,Sodium,289mg,390mg
The One Tip Top Sandwich Bread White 700g,17slices+2crusts,Servingsize:74g(2slices),Energy,703kJ,950kJ,Protein,6.0g,8.1g,"Fat, total",1.6g,2.1g,– saturated,0.3g,0.4g,Carbohydrate,29.5g,39.8g,– sugars,2.2g,3.0g,Sodium,296mg,400mg
Wonder White Wholemeal With Iron Sandwich Slice 700g,9.5,Servingsize:74g(2slices),Energy,730kJ,980kJ,Protein,6.7g,9.1g,"Fat, total",2.4g,3.2g,– saturated,<1.0g,<1.0g,Carbohydrate,28.0g,37.8g,– sugars,2.0g,2.7g,Sodium,295mg,400mg
Wonder White Bread Vitamins & Minerals Toast 700g,8.5,Servingsize:82g(2slices),Energy,780kJ,955kJ,Protein,6.4g,7.8g,"Fat, total",1.7g,2.1g,– saturated,<1.0g,<1.0g,Carbohydrate,33.0g,40.2g,– sugars,2.3g,2.8g,Sodium,330mg,400mg
Wonder White White Hi Fibre Sandwich Slice Bread 700g,9.5,Servingsize:74g(2slices),Energy,710kJ,955kJ,Protein,5.8g,7.8g,"Fat, total",1.6g,2.1g,– saturated,<1.0g,<1.0g,Carbohydrate,29.7g,40.2g,– sugars,2.1g,2.8g,Sodium,295mg,400mg
Wonder White Smooth Wholegrain 700g,9.5(17slicesand2crusts),Servingsize:74g(2slices),Energy,730kJ,980kJ,Protein,6.4g,8.7g,"Fat, total",2.3g,3.1g,– saturated,<1.0g,<1.0g,Carbohydrate,28.5g,38.5g,– sugars,2.4g,3.2g,Sodium,300mg,400mg
Wonder White Bread Vitamins & Minerals Sandwich 700g,9.5,Servingsize:74g(2slices),Energy,710kJ,955kJ,Protein,5.8g,7.8g,"Fat, total",1.6g,2.1g,– saturated,<1.0g,<1.0g,Carbohydrate,29.7g,40.2g,– sugars,2.1g,2.8g,Sodium,295mg,400mg
Bürgen Bread Wholemeal & Seeds 700g,8(14slices+2crusts),Servingsize:83g(2slices),Energy,765kJ,922kJ,Protein,11.0g,13.2g,"Fat, total",5.1g,6.1g,– saturated,0.5g,0.7g,Carbohydrate,19.3g,23.2g,– sugars,1.9g,2.3g,Sodium,320mg,386mg
Tip Top Sunblest Wholemeal Sandwich Bread 650g,11(20slices+2crusts),Servingsize:60g(2slices),Energy,580kJ,966kJ,Protein,5.7g,9.5g,"Fat, total",1.6g,2.6g,– saturated,0.2g,0.4g,Carbohydrate,23.6g,39.3g,– sugars,2.1g,3.5g,Sodium,214mg,357mg
Tip Top Sunblest White Thick Sliced Bread 650g,9.5(17slices+2crusts),Servingsize:68.5g(2slices),Energy,699kJ,1020kJ,Protein,5.8g,8.4g,"Fat, total",1.4g,2.0g,– saturated,0.4g,0.6g,Carbohydrate,31.7g,46.3g,– sugars,1.6g,2.4g,Sodium,274mg,400mg
Tip Top Sunblest White Sandwich Bread 650g,11(20slices+2crusts),Servingsize:60g(2slices),Energy,612kJ,1020kJ,Protein,5.0g,8.4g,"Fat, total",1.2g,2.0g,– saturated,0.4g,0.6g,Carbohydrate,27.8g,46.3g,– sugars,1.4g,2.4g,Sodium,240mg,400mg
Helga's Wholemeal & Seed Lower Carb 700g,10(18Slices+2Crusts),Servingsize:70g(2Slices),Energy,800kJ,1140kJ,Protein,10.3g,14.7g,"Fat, total",6.5g,9.3g,– saturated,<1.0g,1.1g,Carbohydrate,19.0g,27.1g,– sugars,1.8g,2.6g,Sodium,280mg,400mg
Abbott's Village Bakery Bread Rustic White 700g,9(16slices+2crusts),Servingsize:78g(2slices),Energy,811kJ,1040kJ,Protein,5.9g,7.6g,"Fat, total",2.0g,2.5g,– saturated,1.0g,0.4g,Carbohydrate,36.7g,47.0g,– sugars,3.0g,3.9g,Sodium,282mg,362mg
Helgas Capsicum & Roasted Garlic Wraps 7 pack,7,Servingsize:70g(1wrap),Energy,880kJ,1260kJ,Protein,5.2g,7.4g,"Fat, total",5.5g,7.8g,– saturated,3.1g,4.4g,Carbohydrate,33.8g,48.3g,– sugars,1.6g,2.3g,Sodium,280mg,400mg
Helgas Spinach & Herb Wraps 7 pack,7,Servingsize:70g(1wrap),Energy,890kJ,1270kJ,Protein,5.3g,7.5g,"Fat, total",5.5g,7.9g,– saturated,3.2g,4.5g,Carbohydrate,34.4g,49.1g,– sugars,1.4g,2.0g,Sodium,280mg,400mg
Golden Pancakes6pk 360g,6,Servingsize:60g(1Pancake),Energy,612kJ,1020kJ,Protein,3.2g,5.4g,"Fat, total",3.9g,6.5g,– saturated,0.4g,0.7g,Carbohydrate,24.0g,40.0g,– sugars,7.1g,11.9g,Sodium,182mg,304mg
Woolworths Free From Gluten Bake Home Rolls 6pk,6,Servingsize:25g,Energy,Approx. 285kJ,Approx. 1140kJ,Protein,Approx. 1g,Approx. 1.4g,"Fat, total",Approx. 1.9g,Approx. 7.7g,– saturated,<1g,<1g,Carbohydrate,Approx. 11.5g,Approx. 46.1g,– sugars,Approx. 1g,Approx. 2.8g,Sodium,Approx. 58mg,Approx. 232mg
Bfree Wraps Multigrain 6pk,6,Servingsize:41g,Energy,417kJ,1016kJ,Protein,2.2g,5.4g,"Fat, total",1.2g,3.0g,– saturated,0.2g,0.5g,Carbohydrate,17.6g,43g,– sugars,0.9g,2.1g,Sodium,193mg,470mg
Menissez Bake At Home White Dinner Rolls 6pk,6,Servingsize:50g,Energy,528kJ,1056kJ,Protein,3.6g,7.2g,"Fat, total",0.5g,0.9g,– saturated,0.1g,0.2g,Carbohydrate,26.g,52g,– sugars,1.9g,3.7g,Sodium,297mg,594mg
Menissez Bake At Home Multigrain Dinner Rolls 6pk,6,Servingsize:50g,Energy,Approx. 523kJ,Approx. 1045kJ,Protein,Approx. 4.3g,Approx. 8.5g,"Fat, total",Approx. 1.5g,Approx. 3g,– saturated,Approx. 0.4g,Approx. 0.72g,Carbohydrate,Approx. 22g,Approx. 44g,– sugars,Approx. 1.6g,Approx. 3.2g,Sodium,Approx. 218mg,Approx. 436mg
Helga's Bread Light Rye 680g,9(16sicesand2crusts),Servingsize:75g,Energy,770kJ,1030kJ,Protein,6.8g,9.0g,"Fat, total",1.7g,2.3g,– saturated,<1.0g,<1.0g,Carbohydrate,33.2g,44.3g,– sugars,2.0g,2.7g,Sodium,300mg,400mg
Abbott's Village Bakery Light Rye Bread 680g,9(16slices+2crusts),Servingsize:76g(2slices),Energy,782kJ,1030kJ,Protein,7.4g,9.7g,"Fat, total",2.3g,3.0g,– saturated,1.0g,0.5g,Carbohydrate,32.0g,42.1g,– sugars,2.1g,2.8g,Sodium,274mg,360mg
Wonder Active Low Gi Soft White Bread680g,9(17slicesand2crusts),Servingsize:72g(2slices),Energy,710kJ,980kJ,Protein,7.8g,10.9g,"Fat, total",2.4g,3.4g,– saturated,<1.0g,<1.0g,Carbohydrate,26.1g,36.3g,– sugars,1.5g,2.1g,Sodium,290mg,400mg
Burgen Gluten Free Bread Soy & Linseed 650g,7,Servingsize:93g(2slices),Energy,1030kJ,1110kJ,Protein,8.0g,8.6g,"Fat, total",7.8g,8.4g,– saturated,0.7g,0.8g,Carbohydrate,33.6g,36.1g,– sugars,4.7g,5.0g,Sodium,391mg,420mg
Burgen Gluten Free Bread Chia & Sunflower 650g,7,Servingsize:93g(2slices),Energy,1110kJ,1190kJ,Protein,6.5g,7.0g,"Fat, total",9.0g,9.7g,– saturated,1.3g,1.4g,Carbohydrate,36.9g,39.7g,– sugars,5.2g,5.6g,Sodium,372mg,400mg
Helgas Sourdough Loaf 650g,9(16slicesand2crusts),Servingsize:72g(2slices),Energy,760kJ,1060kJ,Protein,6.6g,9.2g,"Fat, total",2.9g,4.0g,– saturated,<1.0g,<1.0g,Carbohydrate,30.2g,41.9g,– sugars,1.9g,2.7g,Sodium,290mg,400mg
Helga's Olive Oil & Herb Loaf650g,9(16slicesand2crusts),Servingsize:72g,Energy,790kJ,1100kJ,Protein,6.0g,8.4g,"Fat, total",2.9g,4.0g,– saturated,<1.0g,<1.0g,Carbohydrate,33.1g,46.0g,– sugars,1.9g,2.6g,Sodium,290mg,400mg
Woolworths Wholemeal Soft Sandwich Bread 650g,11,Servingsize:100g,Energy,Approx. 595kJ,Approx. 992kJ,Protein,Approx. 6.9g,Approx. 11.5g,"Fat, total",Approx. 1.3g,Approx. 2.2g,– saturated,<1g,<1g,Carbohydrate,Approx. 23.7g,Approx. 39.5g,– sugars,Approx. 1.9g,Approx. 3.2g,Sodium,Approx. 204mg,Approx. 340mg
Woolworths White Soft Sandwich Bread 650g,11,Servingsize:100g,Energy,Approx. 616kJ,Approx. 1030kJ,Protein,Approx. 4.9g,Approx. 8.1g,"Fat, total",Approx. 1.2g,Approx. 2g,– saturated,<1g,<1g,Carbohydrate,Approx. 28g,Approx. 46.7g,– sugars,Approx. 2.2g,Approx. 3.6g,Sodium,Approx. 210mg,Approx. 350mg
Woolworths White Soft Toast Bread 650g,9.5,Servingsize:100g,Energy,Approx. 708kJ,Approx. 1030kJ,Protein,Approx. 5.6g,Approx. 8.1g,"Fat, total",Approx. 1.4g,Approx. 2g,– saturated,<1g,<1g,Carbohydrate,Approx. 32.2g,Approx. 46.7g,– sugars,Approx. 2.5g,Approx. 3.6g,Sodium,Approx. 242mg,Approx. 350mg
Essentials White Sandwich Bread 650g,11,Servingsize:100g,Energy,Approx. 564kJ,Approx. 956kJ,Protein,Approx. 4.5g,Approx. 7.7g,"Fat, total",Approx. 1g,Approx. 1.7g,– saturated,<1g,<1g,Carbohydrate,Approx. 25.7g,Approx. 43.5g,– sugars,Approx. 1.4g,Approx. 2.3g,Sodium,Approx. 225mg,Approx. 382mg
Woolworths Multigrain Soft Sandwich Bread 650g,11,Servingsize:100g,Energy,Approx. 603kJ,Approx. 1000kJ,Protein,Approx. 6.4g,Approx. 10.6g,"Fat, total",Approx. 1.2g,Approx. 2g,– saturated,<1g,<1g,Carbohydrate,Approx. 25.2g,Approx. 42g,– sugars,Approx. 1.6g,Approx. 2.7g,Sodium,Approx. 210mg,Approx. 350mg
Sonoma Country White Sourdough 640g,5,Servingsize:128g,Energy,1230kJ,963kJ,Protein,10.6g,8.3g,"Fat, total",1.4g,1.1g,– saturated,0.1g,0.1g,Carbohydrate,55.0g,43.0g,– sugars,0.3g,0.2g,Sodium,717mg,560mg
"Artisan Sourdough Bakers Whole Soybean, Flaxseed & Toasted Sesame 630g",5,Servingsize:125g,Energy,1160kJ,931kJ,Protein,10.8g,8.6g,"Fat, total",4.7g,3.7g,– saturated,0.5g,0.4g,Carbohydrate,45.4g,36.3g,– sugars,0.8g,0.6g,Sodium,430mg,344mg
Artisan Sourdough Bakers White Semolina Sourdough 630g,5,Servingsize:125g,Energy,1120kJ,900kJ,Protein,9.6g,7.7g,"Fat, total",1.2g,1.0g,– saturated,0.2g,0.1g,Carbohydrate,53.2g,42.6g,– sugars,0.4g,0.3g,Sodium,512mg,410mg
Artisan Sourdough Bakers Green Olive Sourdough 630g,5,Servingsize:125g,Energy,1090kJ,873kJ,Protein,8.8g,7.0g,"Fat, total",2.6g,2.1g,– saturated,0.4g,0.3g,Carbohydrate,49.3g,39.4g,– sugars,0.4g,0.3g,Sodium,677mg,542mg
Artisan Sourdough Bakers Millers Loaf 630g,5,Servingsize:125g,Energy,1160kJ,933kJ,Protein,9.8g,7.8g,"Fat, total",1.3g,1.0g,– saturated,0.2g,0.1g,Carbohydrate,54.5g,43.6g,– sugars,0.5g,0.4g,Sodium,513mg,410mg
Artisan Sourdough Bakers Dark Rye Sourdough 630g,5,Servingsize:125g,Energy,1160kJ,931kJ,Protein,9.3g,7.4g,"Fat, total",1.3g,1.1g,– saturated,0.2g,0.2g,Carbohydrate,54.5g,43.6g,– sugars,0.4g,0.4g,Sodium,634mg,507mg
Bill's Certified Organic Healthy Bakery 100% Spelt Sourdough 620g,16,Servingsize:40g,Energy,411kJ,1030kJ,Protein,3.4g,8.5g,"Fat, total",0.9g,2.3g,– saturated,0.1g,0.3g,Carbohydrate,17.8g,44.4g,– sugars,0.1g,0.1g,Sodium,97mg,242mg
Sonoma Whole Wheat Miche605g,5,Servingsize:121g,Energy,1080kJ,897kJ,Protein,9.7g,8.0g,"Fat, total",1.4g,1.1g,– saturated,0.2g,0.2g,Carbohydrate,47.2g,39.0g,– sugars,0.2g,0.2g,Sodium,679mg,561mg
Woolworths Mud Cake Caramel 600g,8,Servingsize:100g,Energy,Approx. 1040kJ,Approx. 1390kJ,Protein,Approx. 3.4g,Approx. 4.5g,"Fat, total",Approx. 11.3g,Approx. 15.1g,– saturated,Approx. 4.7g,Approx. 6.3g,Carbohydrate,Approx. 32.6g,Approx. 43.4g,– sugars,Approx. 24.9g,Approx. 33.2g,Sodium,Approx. 138mg,Approx. 184mg
Woolworths Mud Cake White 600g,8,Servingsize:100g,Energy,Approx. 1060kJ,Approx. 1410kJ,Protein,Approx. 3.2g,Approx. 4.2g,"Fat, total",Approx. 12.4g,Approx. 16.6g,– saturated,Approx. 4.6g,Approx. 6.2g,Carbohydrate,Approx. 31.5g,Approx. 42g,– sugars,Approx. 24.4g,Approx. 32.5g,Sodium,Approx. 146mg,Approx. 195mg
Tip Top Wholemeal Raisin Toast 600g,6(10slices+2crusts),Servingsize:100g(2slices),Energy,1120kJ,1120kJ,Protein,10.7g,10.7g,"Fat, total",3.8g,3.8g,– saturated,0.6g,0.6g,Carbohydrate,43.8g,43.8g,– sugars,18.1g,18.1g,Sodium,300mg,300mg
Mighty Soft Raisin Toast600g,8.5(15Slicesand2Crust),Servingsize:70g(2Sice),Energy,870kJ,1240kJ,Protein,5.8g,8.3g,"Fat, total",2.1g,3.0g,– saturated,<1.0g,<1.0g,Carbohydrate,37.9g,54.2g,– sugars,13.4g,19.2g,Sodium,190mg,265mg
Mightysoft Fruit Loaf Cafe Style 600g,12slices,Servingsize:50g(1Slice),Energy,620kJ,1240kJ,Protein,4.2g,8.3g,"Fat, total",1.5g,3.0g,– saturated,<1.0g,1.0g,Carbohydrate,27.1g,54.2g,– sugars,9.6g,19.2g,Sodium,130mg,285mg
Tip Top English Muffins Wholemeal 6 pack,6,Servingsize:67g(1Muffin),Energy,500kJ,746kJ,Protein,5.4g,8.1g,"Fat, total",1.3g,2.0g,– saturated,0.4g,0.6g,Carbohydrate,19.5g,29.1g,– sugars,1.1g,1.6g,Sodium,163mg,244mg
Tip Top English Muffins Original 6 pack,6,Servingsize:67g(1Muffin),Energy,553kJ,826kJ,Protein,4.8g,7.1g,"Fat, total",1.4g,2.1g,– saturated,0.3g,0.5g,Carbohydrate,23.5g,35.0g,– sugars,1.5g,2.2g,Sodium,198mg,296mg
Golden Crumpets Round Wholemeal 6 pack,6Crumpets,Servingsize:50g(1crumpet),Energy,390kJ,780kJ,Protein,2.9g,5.9g,"Fat, total",0.5g,0.9g,– saturated,0.1g,0.2g,Carbohydrate,18.3g,36.6g,– sugars,0.8g,1.6g,Sodium,300mg,600mg
Golden Crumpets Round 6 pack,6crumpets,Servingsize:50g(1crumpet),Energy,360kJ,719kJ,Protein,2.8g,5.7g,"Fat, total",0.5g,1.0g,– saturated,0.1g,0.2g,Carbohydrate,16.7g,33.4g,– sugars,0.9g,1.8g,Sodium,305mg,610mg
Woolworths Crumpets6 pack,6,Servingsize:100g,Energy,Approx. 360kJ,Approx. 720kJ,Protein,Approx. 3g,Approx. 6g,"Fat, total",<1g,<1g,– saturated,<1g,<1g,Carbohydrate,Approx. 16.6g,Approx. 33.2g,– sugars,Approx. 1g,Approx. 1.3g,Sodium,Approx. 320mg,Approx. 640mg
Tip Top Garlic & Herb Muffin6 pack,6,Servingsize:67g(1muffin),Energy,630kJ,940kJ,Protein,5.8g,8.6g,"Fat, total",2.1g,3.1g,– saturated,0.3g,0.5g,Carbohydrate,25.7g,38.3g,– sugars,1.7g,2.5g,Sodium,218mg,326mg
Woolworths Lamingtons Jam Filled 6 pack,6,Servingsize:100g,Energy,Approx. 741kJ,Approx. 1280kJ,Protein,Approx. 2.3g,Approx. 4g,"Fat, total",Approx. 3.8g,Approx. 6.5g,– saturated,Approx. 2.2g,Approx. 3.8g,Carbohydrate,Approx. 32g,Approx. 55.2g,– sugars,Approx. 23g,Approx. 39.6g,Sodium,Approx. 141mg,Approx. 243mg
Mr Kipling Lemon Slice6 pack,6,Servingsize:28g,Energy,Approx. 480kJ,Approx. 1715kJ,Protein,Approx. 0.8g,Approx. 2.7g,"Fat, total",Approx. 4.3g,Approx. 15.5g,– saturated,Approx. 1g,Approx. 3.4g,Carbohydrate,Approx. 17.9g,Approx. 64.1g,– sugars,Approx. 12.4g,Approx. 44.4g,Sodium,Approx. 64mg,Approx. 228mg
Mr Kipling Cake Angel Slices Snack Pack 6 pack,6,Servingsize:27.5g,Energy,473kJ,1720kJ,Protein,0.8g,2.9g,"Fat, total",5.0g,18.2g,– saturated,1.7g,6.1g,Carbohydrate,16.1g,58.4g,– sugars,10.8g,39.2g,Sodium,62mg,227mg
Woolworths Lamingtons6 pack,6,Servingsize:50g,Energy,Approx. 658kJ,Approx. 1320kJ,Protein,Approx. 2.4g,Approx. 4.7g,"Fat, total",Approx. 4.4g,Approx. 8.9g,– saturated,Approx. 2.8g,Approx. 5.7g,Carbohydrate,Approx. 25.2g,Approx. 50.5g,– sugars,Approx. 17g,Approx. 34g,Sodium,Approx. 140mg,Approx. 280mg
Woolworths Jam Rollette 6 pack,6,Servingsize:100g,Energy,Approx. 513kJ,Approx. 1220kJ,Protein,Approx. 1.8g,Approx. 4.3g,"Fat, total",Approx. 1g,Approx. 2.1g,– saturated,<1g,<1g,Carbohydrate,Approx. 26.3g,Approx. 62.6g,– sugars,Approx. 18.1g,Approx. 43.1g,Sodium,Approx. 176mg,Approx. 418mg
Toscano Mini Hot Dog Brioche Buns 6 pack,6,Servingsize:Approx.45g(1Bun),Energy,647kJ,1437kJ,Protein,3.4g,7.6g,"Fat, total",5.1g,11.2g,– saturated,0.8g,1.8g,Carbohydrate,23.2g,51.5g,– sugars,4.3g,9.6g,Sodium,210mg,456mg
Woolworths Mini Choc Rollette 6 pack,6,Servingsize:100g,Energy,Approx. 616kJ,Approx. 1470kJ,Protein,Approx. 2g,Approx. 4.8g,"Fat, total",Approx. 4.7g,Approx. 11.1g,– saturated,Approx. 2.4g,Approx. 5.7g,Carbohydrate,Approx. 23.8g,Approx. 56.6g,– sugars,Approx. 15.9g,Approx. 37.8g,Sodium,Approx. 159mg,Approx. 378mg
Woolworths Mixed Jam Tarts6 pack,6,Servingsize:45g,Energy,Approx. 791kJ,Approx. 1760kJ,Protein,Approx. 1.7g,Approx. 3.8g,"Fat, total",Approx. 6.7g,Approx. 14.8g,– saturated,Approx. 3.6g,Approx. 8.1g,Carbohydrate,Approx. 30.3g,Approx. 67.4g,– sugars,Approx. 16.5g,Approx. 36.6g,Sodium,Approx. 99mg,Approx. 220mg
Mr Kipling Raspberry Fruit Slice 6 pack,6,Servingsize:18g,Energy,Approx. 303kJ,Approx. 1682kJ,Protein,Approx. 0.8g,Approx. 4.4g,"Fat, total",Approx. 3.5g,Approx. 19.5g,– saturated,Approx. 1g,Approx. 5.4g,Carbohydrate,Approx. 9.3g,Approx. 51.6g,– sugars,Approx. 4.5g,Approx. 24.7g,Sodium,Approx. 68mg,Approx. 376mg
Mr Kipling Viennese Whirls 6 pack,6,Servingsize:25g,Energy,Approx. 520kJ,Approx. 2079kJ,Protein,Approx. 1g,Approx. 3.8g,"Fat, total",Approx. 7.1g,Approx. 28.5g,– saturated,Approx. 2.7g,Approx. 10.6g,Carbohydrate,Approx. 13.9g,Approx. 55.4g,– sugars,Approx. 6.6g,Approx. 26.5g,Sodium,Approx. 68mg,Approx. 272mg
Mission Low Gi Wraps Wholemeal 6 pack,6,Servingsize:71g,Energy,731kJ,1030kJ,Protein,7.3g,10.3g,"Fat, total",2.2g,3.1g,– saturated,0.9g,1.2g,Carbohydrate,28.1g,39.6g,– sugars,1.1g,1.6g,Sodium,263mg,370mg
Tip Top Sandwich Thins Wholemeal 6 pack,6,Servingsize:40g(1Thin,Energy,412kJ,1030kJ,Protein,3.9g,9.8g,"Fat, total",1.4g,3.5g,– saturated,0.2g,0.6g,Carbohydrate,15.8g,39.5g,– sugars,1.2g,3.1g,Sodium,139mg,348mg
Tip Top Damper Rolls6 pack,6,Servingsize:87g(1Roll),Energy,992kJ,1140kJ,Protein,8.8g,10.1g,"Fat, total",3.6g,4.1g,– saturated,0.4g,0.5g,Carbohydrate,40.4g,46.4g,– sugars,4.4g,5.0g,Sodium,331mg,380mg
Tip Top Hot Dog Rolls6 pack,6,Servingsize:75g(1Roll),Energy,833kJ,1110kJ,Protein,7.4g,9.8g,"Fat, total",2.9g,3.8g,– saturated,0.4g,0.5g,Carbohydrate,34.5g,46.0g,– sugars,3.6g,4.8g,Sodium,300mg,400mg
Bazaar Lebanese Bread White 6 pack,6,Servingsize:83.5g(1Lebanesebread),Energy,1030kJ,1240kJ,Protein,7.9g,9.5g,"Fat, total",1.7g,2.0g,– saturated,0.4g,0.5g,Carbohydrate,48.5g,58.1g,– sugars,2.9g,3.5g,Sodium,418mg,500mg
Wonder Wraps Hi Fibre 6 pack,6,Servingsize:52g(1wrap),Energy,590kJ,150kJ,Protein,5.7g,7.3g,"Fat, total",2.5g,4.9g,– saturated,1.2g,2.3g,Carbohydrate,23.5g,45.2g,– sugars,0.8g,1.5g,Sodium,180mg,350mg
Tip Top Hamburger Rolls6 pack,6,Servingsize:87g(1Roll),Energy,992kJ,1140kJ,Protein,7.8g,9.0g,"Fat, total",3.9g,4.5g,– saturated,0.4g,0.5g,Carbohydrate,40.7g,46.5g,– sugars,5.0g,5.7g,Sodium,310mg,356mg
Bazaar Lebanese Bread Wholemeal 6 pack,6,Servingsize:83.5g(1Lebanesebread),Energy,1000kJ,1200kJ,Protein,8.3g,9.9g,"Fat, total",1.8g,2.2g,– saturated,0.4g,0.5g,Carbohydrate,44.5g,53.3g,– sugars,2.5g,3.0g,Sodium,418mg,500mg
Tip Top Sandwich Thins Lightly Seeded 6 pack,6,Servingsize:40g(1Thin),Energy,412kJ,1030kJ,Protein,3.6g,9.0g,"Fat, total",0.8g,2.1g,– saturated,0.2g,0.6g,Carbohydrate,18.0g,45.0g,– sugars,1.2g,3.1g,Sodium,146mg,366mg
Tip Top Sandwich Thins Original 6 pack,6,Servingsize:40g(1Thin),Energy,412kJ,1030kJ,Protein,3.8g,9.5g,"Fat, total",1.0g,2.5g,– saturated,0.3g,0.7g,Carbohydrate,17.2g,43.0g,– sugars,1.3g,3.2g,Sodium,150mg,375mg
Helga's Wraps Mixed Grain 560g 8pk,8,Servingsize:70g(1Wrap),Energy,900kJ,1280kJ,Protein,6.4g,9.1g,"Fat, total",6.2g,8.9g,– saturated,3.2g,4.6g,Carbohydrate,33.3g,47.5g,– sugars,2.2g,3.1g,Sodium,315mg,450mg
Helga's Wraps Traditional White 560g 8pk,8,Servingsize:70g(1wrap),Energy,900kJ,1290kJ,Protein,5.4g,7.7g,"Fat, total",5.5g,7.9g,– saturated,3.1g,4.4g,Carbohydrate,34.9g,49.8g,– sugars,2.5g,3.5g,Sodium,300mg,430mg
Essentials Fruit Toast560g,8.5,Servingsize:100g,Energy,Approx. 733kJ,Approx. 1130kJ,Protein,Approx. 5g,Approx. 7.7g,"Fat, total",Approx. 1.5g,Approx. 2.3g,– saturated,<1g,<1g,Carbohydrate,Approx. 33.9g,Approx. 52.1g,– sugars,Approx. 11.8g,Approx. 18.1g,Sodium,Approx. 176mg,Approx. 271mg
Woolworths Choc Chip Banana Loaf550g,8,Servingsize:100g,Energy,Approx. 1010kJ,Approx. 1480kJ,Protein,Approx. 3.3g,Approx. 4.8g,"Fat, total",Approx. 9.8g,Approx. 14.4g,– saturated,Approx. 1.6g,Approx. 2.4g,Carbohydrate,Approx. 33.8g,Approx. 49.7g,– sugars,Approx. 20.3g,Approx. 29.9g,Sodium,Approx. 294mg,Approx. 432mg
Woolworths Banana Loaf550g,8,Servingsize:68g,Energy,Approx. 967kJ,Approx. 1420kJ,Protein,Approx. 3.5g,Approx. 5.1g,"Fat, total",Approx. 9.3g,Approx. 13.7g,– saturated,Approx. 1g,Approx. 1.4g,Carbohydrate,Approx. 32.6g,Approx. 47.9g,– sugars,Approx. 18.4g,Approx. 27.1g,Sodium,Approx. 294mg,Approx. 433mg
Woolworths Free From Gluten White Bread 550g,7,Servingsize:100g,Energy,Approx. 846kJ,Approx. 1080kJ,Protein,Approx. 3g,Approx. 3.8g,"Fat, total",Approx. 4.3g,Approx. 5.5g,– saturated,<1g,<1g,Carbohydrate,Approx. 35.7g,Approx. 45.8g,– sugars,Approx. 4.6g,Approx. 5.9g,Sodium,Approx. 272mg,Approx. 349mg
Woolworths Free From Gluten Seeded Bread 550g,7,Servingsize:100g,Energy,Approx. 789kJ,Approx. 1010kJ,Protein,Approx. 4g,Approx. 5.1g,"Fat, total",Approx. 1.9g,Approx. 2.4g,– saturated,<1g,<1g,Carbohydrate,Approx. 37.1g,Approx. 47.6g,– sugars,Approx. 1.5g,Approx. 1.9g,Sodium,Approx. 323mg,Approx. 414mg
Woolworths Carrot Loaf540g,8,Servingsize:67g,Energy,Approx. 774kJ,Approx. 1160kJ,Protein,Approx. 2.9g,Approx. 4.3g,"Fat, total",Approx. 4.3g,Approx. 6.4g,– saturated,<1g,<1g,Carbohydrate,Approx. 32.6g,Approx. 48.6g,– sugars,Approx. 19.2g,Approx. 28.7g,Sodium,Approx. 271mg,Approx. 405mg
"Artisan Sourdough Bakers Walnut, Currant & Fennel Sourdough 540g",5,Servingsize:108g,Energy,1140kJ,1060kJ,Protein,8.9g,8.2g,"Fat, total",5.8g,5.4g,– saturated,0.6g,0.5g,Carbohydrate,46.0g,42.6g,– sugars,3.2g,2.9g,Sodium,402mg,373mg
Tip Top Raisin Toast520g,7(12slices+2crust),Servingsize:74g(2slices),Energy,837kJ,1130kJ,Protein,6.7g,9.1g,"Fat, total",1.5g,2.0g,– saturated,0.2g,0.3g,Carbohydrate,38.0g,51.4g,– sugars,12.4g,16.8g,Sodium,215mg,290mg
Woolworths Pavlova Base 500g,10,Servingsize:50g,Energy,620kJ,1240kJ,Protein,1.7g,3.4g,"Fat, total",<0.1g,0.1g,– saturated,<0.1g,0.1g,Carbohydrate,"34,6g",69.1g,– sugars,34.3g,68.6g,Sodium,28mg,56mg
Toscano Tiramisu500g,6,Servingsize:Approx.83g,Energy,963kj,1161kj,Protein,3.1g,3.7g,"Fat, total",8.2g,9.9g,– saturated,6.1g,7.4g,Carbohydrate,29.5g,35.5g,– sugars,16.8g,20.3g,Sodium,87mg,105mg
Woolworths Sliced Carrot Sultana & Walnut Loaf 500g,5,Servingsize:100g,,,,,,,,,,,,,Carbohydrate,Approx. 51.3g,Approx. 51.3g,– sugars,Approx. 30.0g,Approx. 30g,,,
Abbotts Village Bakery Gluten Free Mixed Seeds 500g,6(10Slices+2Crusts),Servingsize:83g(2slices),Energy,1020kJ,1230kJ,Protein,5.3g,6.3g,"Fat, total",8.4g,10.1g,– saturated,0.9g,1.1g,Carbohydrate,34.4g,41.4g,– sugars,3.4g,4.2g,Sodium,280mg,337mg
Abbott's Village Bakery Gluten Free Rustic White 500g,6,Servingsize:83g(2slices),Energy,930kJ,1120kJ,Protein,3.4g,4.1g,"Fat, total",3.1g,3.7g,– saturated,0.2g,0.3g,Carbohydrate,43.7g,52.6g,– sugars,1.9g,2.3g,Sodium,215mg,259mg
Abbotts Village Bakery Gluten Free Mixed Seeds 500g,6(10Slices+2Crusts),Servingsize:83g(2slices),Energy,1020kJ,1230kJ,Protein,5.3g,6.3g,"Fat, total",8.4g,10.1g,– saturated,0.9g,1.1g,Carbohydrate,34.4g,41.4g,– sugars,3.4g,4.2g,Sodium,280mg,337mg
Laucke Gluten Free Bread Mix500g,10,Servingsize:1largeslice75g,Energy,759kJ,1012kJ,Protein,1.4g,1.9g,"Fat, total",2.3g,3.0g,– saturated,0.2g,0.3g,Carbohydrate,38.0g,50.7g,– sugars,2.6g,3.5g,Sodium,199mg,265mg
Nana Premium Lebanese Bread White 500g,6,Servingsize:83g,Energy,913kJ,1100kJ,Protein,8.9g,10.7g,"Fat, total",1.1g,1.3g,– saturated,0.3,0.4g,Carbohydrate,41.3g,49.8g,– sugars,0.3g,0.4g,Sodium,198mg,231mg
Macro Linseed & Sunflower Low Carb Loaf 500g,6,Servingsize:80g,Energy,Approx. 664kJ,Approx. 830kJ,Protein,Approx. 20.2g,Approx. 25.3g,"Fat, total",Approx. 3.8g,Approx. 4.8g,– saturated,<1g,<1g,Carbohydrate,Approx. 4.1g,Approx. 5.1g,– sugars,<1g,<1g,Sodium,Approx. 240mg,Approx. 300mg
Helga's Gluten Free Soy & Linseed Loaf 500g,6(10Slicesand2Crusts),Servingsize:83g(2Slices),Energy,880kJ,1060kJ,Protein,4.4g,5.3g,"Fat, total",5.1g,6.2g,– saturated,<1.0g,<1.0g,Carbohydrate,33.1g,39.9g,– sugars,3.4g,4.1g,Sodium,330mg,400mg
Helga's Gluten Free 5 Seed Loaf 500g,6(10Slicesand2Crusts),Servingsize:83g(2Slices),Energy,920kJ,1110kJ,Protein,4.2g,5.1g,"Fat, total",9.4g,11.3g,– saturated,1.2g,1.5g,Carbohydrate,27.6g,33.2g,– sugars,2.3g,2.8g,Sodium,350mg,420mg
Woolworths Banana Choc Bread5 pack,5,Servingsize:100g(1slice),Energy,1430kJ,1430kJ,Protein,5.2g,5.2g,"Fat, total",14.7g,14.7g,– saturated,4.4g,4.4g,Carbohydrate,45.9g,45.9g,– sugars,28.7g,28.7g,Sodium,215mg,215mg
Golden Waffles Fluffy & Delicious 5 pack,5,Servingsize:100g,Energy,Approx. 1040kJ,Approx. 1890kJ,Protein,Approx. 3.5g,Approx. 6.3g,"Fat, total",Approx. 12.8g,Approx. 23.3g,– saturated,Approx. 6.8g,Approx. 12.3g,Carbohydrate,Approx. 29.5g,Approx. 53.7g,– sugars,Approx. 13.3g,Approx. 24.1g,Sodium,Approx. 690mg,Approx. 1250mg
The Natural Food Group Iced Choc Mud Cake Slice5 pack,5,Servingsize:100g,Energy,Approx. 1670.0kJ,Approx. 1670kJ,Protein,Approx. 3.8g,Approx. 3.8g,"Fat, total",Approx. 16.0g,Approx. 16g,– saturated,Approx. 3.6g,Approx. 3.6g,Carbohydrate,Approx. 58.5g,Approx. 58.5g,– sugars,Approx. 39.2g,Approx. 39.2g,Sodium,Approx. 203.0g,Approx. 203g
The Natural Food Group Iced Vanilla Cake Slice5 pack,5,Servingsize:100g,Energy,Approx. 1400.0kJ,Approx. 1400kJ,Protein,Approx. 3.9g,Approx. 3.9g,"Fat, total",Approx. 8.3g,Approx. 8.3g,– saturated,Approx. 2.5g,Approx. 2.5g,Carbohydrate,Approx. 59.5g,Approx. 59.5g,– sugars,Approx. 31.1g,Approx. 31.1g,Sodium,Approx. 401.0g,Approx. 401g
Woolworths Sliced Blueberry & Coconut Loaf 5 pack,5,Servingsize:100g,Energy,Approx. 1566.0kJ,Approx. 1566kJ,Protein,Approx. 5.6g,Approx. 5.6g,"Fat, total",Approx. 17.3g,Approx. 17.3g,– saturated,Approx. 1.8g,Approx. 1.8g,Carbohydrate,Approx. 47.7g,Approx. 47.7g,– sugars,Approx. 25.0g,Approx. 25g,Sodium,Approx. 363.0mg,Approx. 363mg
Cadbury Mini Rolls Chocolate 5 pack,5,Servingsize:25g,Energy,Approx. 482kJ,Approx. 1930kJ,Protein,Approx. 1.2g,Approx. 4.8g,"Fat, total",Approx. 5.9g,Approx. 23.5g,– saturated,Approx. 2.8g,Approx. 11.3g,Carbohydrate,Approx. 14.1g,Approx. 56.3g,– sugars,Approx. 10.7g,Approx. 42.8g,Sodium,Approx. 70mg,Approx. 280mg
Four N Twenty Pies Angus Beef 4pk 760g,4,Servingsize:190g,Energy,1850kJ,971kJ,Protein,15.8g,8.3g,"Fat, total",23.6g,12.4g,– saturated,11.4g,6.0g,Carbohydrate,39.5g,20.8g,– sugars,4.0g,2.1g,Sodium,780mg,411mg
Woolworths Sultana Butter Cake480g,8,Servingsize:60g,Energy,Approx. 807kJ,Approx. 1350kJ,Protein,Approx. 2.9g,Approx. 4.8g,"Fat, total",Approx. 6.2g,Approx. 10.3g,– saturated,Approx. 2.2g,Approx. 3.7g,Carbohydrate,Approx. 30.4g,Approx. 50.7g,– sugars,Approx. 18.1g,Approx. 30.1g,Sodium,Approx. 243mg,Approx. 405mg
Helga's Gluten Free Traditional White Loaf 470g,6(10Slicesand2Crusts),Servingsize:78g(2Slices),Energy,800kJ,1020kJ,Protein,2.5g,3.2g,"Fat, total",3.3g,4.2g,– saturated,<1.0g,<1.0g,Carbohydrate,35.7g,45.8g,– sugars,2.6g,3.3g,Sodium,310mg,400mg
Woolworths Light Fruit Cake 465g,9,Servingsize:100g,Energy,Approx. 812kJ,Approx. 1620kJ,Protein,Approx. 2.1g,Approx. 4.2g,"Fat, total",Approx. 6g,Approx. 11.9g,– saturated,Approx. 1.2g,Approx. 2.3g,Carbohydrate,Approx. 32.2g,Approx. 64.3g,– sugars,Approx. 15g,Approx. 30g,Sodium,Approx. 165mg,Approx. 330mg
Woolworths Dark Fruit Cake 465g,2,Servingsize:100g,Energy,Approx. 822kJ,Approx. 1640kJ,Protein,Approx. 2.1g,Approx. 4.2g,"Fat, total",Approx. 6g,Approx. 11.9g,– saturated,Approx. 1.2g,Approx. 2.4g,Carbohydrate,Approx. 32.6g,Approx. 65.3g,– sugars,Approx. 15g,Approx. 30g,Sodium,Approx. 150mg,Approx. 300mg
Woolworths Double Unfilled Sponge460g,10,Servingsize:100g,Energy,Approx. 546kJ,Approx. 1190kJ,Protein,Approx. 2.8g,Approx. 6g,"Fat, total",Approx. 2.3g,Approx. 5.1g,– saturated,Approx. 1g,Approx. 1.8g,Carbohydrate,Approx. 24g,Approx. 52.1g,– sugars,Approx. 13.4g,Approx. 29.2g,Sodium,Approx. 141mg,Approx. 307mg
Woolworths Butter Cake450g,8,Servingsize:56g,Energy,Approx. 745kJ,Approx. 1330kJ,Protein,Approx. 2.7g,Approx. 4.8g,"Fat, total",Approx. 6.6g,Approx. 11.7g,– saturated,Approx. 2.4g,Approx. 4.2g,Carbohydrate,Approx. 26.4g,Approx. 47.2g,– sugars,Approx. 13g,Approx. 23.3g,Sodium,Approx. 272mg,Approx. 485mg
Woolworths Madeira Cake450g,10,Servingsize:100g,Energy,Approx. 693kJ,Approx. 1540kJ,Protein,Approx. 2.4g,Approx. 5.3g,"Fat, total",Approx. 6.7g,Approx. 14.8g,– saturated,Approx. 1g,Approx. 2.3g,Carbohydrate,Approx. 23.4g,Approx. 52.1g,– sugars,Approx. 12.2g,Approx. 27g,Sodium,Approx. 162mg,Approx. 360mg
Woolworths Pecan Danish450g,8,Servingsize:56g(1slice),Energy,698kJ,1260kJ,Protein,2.1g,5.0g,"Fat, total",8.3g,13.6g,– saturated,4.1g,6.7g,Carbohydrate,20.4g,38.6g,– sugars,8.0g,14.4g,Sodium,147mg,261mg
Helga's Turkish Bread White 450g,5,Servingsize:90g,Energy,950kJ,1060kJ,Protein,7.7g,8.6g,"Fat, total",2.4g,2.7g,– saturated,<1.0g,<1.0g,Carbohydrate,41.6g,46.2g,– sugars,3.0g,3.3g,Sodium,360mg,400mg
Macro Ancient Grain & Sprout Loaf Bread 450g,5.5,Servingsize:80g,Energy,Approx. 791kJ,Approx. 989kJ,Protein,Approx. 12g,Approx. 15g,"Fat, total",Approx. 3.4g,Approx. 4.3g,– saturated,Approx. 1g,Approx. 1.2g,Carbohydrate,Approx. 23.4g,Approx. 29.3g,– sugars,Approx. 1g,Approx. 1.2g,Sodium,Approx. 256mg,Approx. 320mg
Macro Spelt & Chia Loaf Bread 450g,5.5,Servingsize:80g,Energy,Approx. 780kJ,Approx. 975kJ,Protein,Approx. 11g,Approx. 13.7g,"Fat, total",Approx. 3.2g,Approx. 4g,– saturated,Approx. 1g,Approx. 1.2g,Carbohydrate,Approx. 23.8g,Approx. 29.8g,– sugars,Approx. 1.2g,Approx. 1.5g,Sodium,Approx. 256mg,Approx. 320mg
Macro Pumpkin & Sweet Potato Loaf Wholemeal Bread 450g,5.5,Servingsize:80g,Energy,Approx. 825kJ,Approx. 1030kJ,Protein,Approx. 11.2g,Approx. 14g,"Fat, total",Approx. 3.6g,Approx. 4.5g,– saturated,Approx. 1g,Approx. 1.2g,Carbohydrate,Approx. 25.7g,Approx. 32.1g,– sugars,Approx. 1g,Approx. 1.1g,Sodium,Approx. 248mg,Approx. 310mg
Buttercup Country Split Wholemeal Bread 450g,9.5,Servingsize:47g(2slices),Energy,480kJ,1030kJ,Protein,5.5g,11.7g,"Fat, total",1.9g,4.1g,– saturated,<1.0g,<1.0g,Carbohydrate,17.3g,36.8g,– sugars,<1.0g,2.0g,Sodium,185mg,400mg
Buttercup Country Split White Bread 450g,9.5,Servingsize:47g(2slices),Energy,510kJ,1080kJ,Protein,5.0g,10.7g,"Fat, total",1.5g,3.1g,– saturated,<1.0g,<1.0g,Carbohydrate,20.9g,44.6g,– sugars,1.3g,2.8g,Sodium,185mg,400mg
Sauers Turkish Bread Wholemeal 430g,3,Servingsize:144g,Energy,1320kJ,926kJ,Protein,10.8g,7.5g,"Fat, total",2.7g,1.9g,– saturated,0.3g,0.2g,Carbohydrate,59.1g,41.3g,– sugars,1.8g,1.2g,Sodium,533mg,372mg
Sauers Turkish Bread430g,3,Servingsize:144g,Energy,1380kJ,967kJ,Protein,10.1g,7.1g,"Fat, total",2.4g,1.7g,– saturated,0.3g,0.2g,Carbohydrate,64.3g,45.0g,– sugars,1.7g,1.2g,Sodium,547mg,382mg
Woolworths Select Double Choc Chip Muffin 4pk 420g,4,Servingsize:105g(1Muffin),Energy,1590kJ,1520kJ,Protein,5.2g,5.0g,"Fat, total",15.6g,14.9g,– saturated,3.6g,3.4g,Carbohydrate,54.5g,51.9g,– sugars,30.2g,28.8g,Sodium,607mg,578mg
Woolworths Select Blueberry Muffins 4pk 420g,4,Servingsize:105g(1Muffin),Energy,1430kJ,1370kJ,Protein,4.4g,4.2g,"Fat, total",16.3g,15.5g,– saturated,1.7g,1.6g,Carbohydrate,44.5g,42.4g,– sugars,24.6g,23.4g,Sodium,531mg,506mg
Mission Pita Bread Pockets Wholemeal 420g,4,Servingsize:105g,Energy,1030kJ,979kJ,Protein,9.8g,9.3g,"Fat, total",1.5,1.4g,– saturated,0.3g,0.3g,Carbohydrate,44.3g,42.2g,– sugars,6.1g,5.8g,Sodium,536mg,510mg
Mission Pita Bread Pockets Plain 420g,4,Servingsize:105g,Energy,1080kJ,1030kJ,Protein,9.3g,8.9g,"Fat, total",1.1g,1.0g,– saturated,0.3g,0.3g,Carbohydrate,50.8g,48.4g,– sugars,6.5g,6.2g,Sodium,504mg,480mg
Helga's Mini Wraps Mixed Grain 400g 8pk,8,Servingsize:50g(1wrap),Energy,620kJ,1240kJ,Protein,4.6g,9.1g,"Fat, total",3.1g,6.2g,– saturated,1.6g,3.1g,Carbohydrate,23.8g,47.5g,– sugars,<1.0g,1.5g,Sodium,225mg,450mg
Woolworths Jam Sponge Roll 400g,8,Servingsize:100g,Energy,Approx. 612kJ,Approx. 1220kJ,Protein,Approx. 2.2g,Approx. 4.3g,"Fat, total",Approx. 1g,Approx. 2.1g,– saturated,<1g,<1g,Carbohydrate,Approx. 31.4g,Approx. 62.7g,– sugars,Approx. 21.6g,Approx. 43.3g,Sodium,Approx. 208mg,Approx. 415mg
Woolworths Salted Caramel Cake 400g,8,Servingsize:50g,Energy,779kJ,1560kJ,Protein,1.2g,2.5g,"Fat, total",7.4g,14.9g,– saturated,3.4g,6.7g,Carbohydrate,28.4g,56.7g,– sugars,22.0g,44.0g,Sodium,160mg,319mg
Woolworths Red Velvet Cake 400g,8,Servingsize:50g,Energy,Approx. 826kJ,Approx. 1650kJ,Protein,Approx. 2g,Approx. 3.9g,"Fat, total",Approx. 7.6g,Approx. 15.3g,– saturated,Approx. 3g,Approx. 6g,Carbohydrate,Approx. 30g,Approx. 60g,– sugars,Approx. 21.8g,Approx. 43.5g,Sodium,Approx. 108mg,Approx. 215mg
Woolworths Indulgent Chocolate Cake 400g,8,Servingsize:100g,Energy,Approx. 869kJ,Approx. 1740kJ,Protein,Approx. 1.9g,Approx. 3.8g,"Fat, total",Approx. 11.4g,Approx. 22.7g,– saturated,Approx. 7.4g,Approx. 14.7g,Carbohydrate,Approx. 24.5g,Approx. 49g,– sugars,Approx. 18.2g,Approx. 36.3g,Sodium,Approx. 116mg,Approx. 232mg
Woolworths Choc Sponge Roll 400g,8,Servingsize:100g,Energy,Approx. 737kJ,Approx. 1470kJ,Protein,Approx. 2.4g,Approx. 4.8g,"Fat, total",Approx. 5.6g,Approx. 11.3g,– saturated,Approx. 2.9g,Approx. 5.8g,Carbohydrate,Approx. 28.3g,Approx. 56.6g,– sugars,Approx. 19g,Approx. 37.9g,Sodium,Approx. 189mg,Approx. 378mg
Mighty Soft Raisin Toast600g,8.5(15Slicesand2Crust),Servingsize:70g(2Sice),Energy,870kJ,1240kJ,Protein,5.8g,8.3g,"Fat, total",2.1g,3.0g,– saturated,<1.0g,<1.0g,Carbohydrate,37.9g,54.2g,– sugars,13.4g,19.2g,Sodium,190mg,265mg
Tip Top English Muffins Original 6 pack,6,Servingsize:67g(1Muffin),Energy,553kJ,826kJ,Protein,4.8g,7.1g,"Fat, total",1.4g,2.1g,– saturated,0.3g,0.5g,Carbohydrate,23.5g,35.0g,– sugars,1.5g,2.2g,Sodium,198mg,296mg
Golden Crumpets Breaks 6 pack,6crumpets,Servingsize:71g(1crumpetbreak),Energy,510kJ,719kJ,Protein,4.0g,5.7g,"Fat, total",0.7%,1.0g,– saturated,0.1g,0.2g,Carbohydrate,23.7g,33.4g,– sugars,1.3g,1.8g,Sodium,433mg,610mg
Woolworths Crumpets6 pack,6,Servingsize:100g,Energy,Approx. 360kJ,Approx. 720kJ,Protein,Approx. 3g,Approx. 6g,"Fat, total",<1g,<1g,– saturated,<1g,<1g,Carbohydrate,Approx. 16.6g,Approx. 33.2g,– sugars,Approx. 1g,Approx. 1.3g,Sodium,Approx. 320mg,Approx. 640mg
Tip Top English Muffins Wholemeal 6 pack,6,Servingsize:67g(1Muffin),Energy,500kJ,746kJ,Protein,5.4g,8.1g,"Fat, total",1.3g,2.0g,– saturated,0.4g,0.6g,Carbohydrate,19.5g,29.1g,– sugars,1.1g,1.6g,Sodium,163mg,244mg
Helga's Wraps Traditional White 560g 8pk,8,Servingsize:70g(1wrap),Energy,900kJ,1290kJ,Protein,5.4g,7.7g,"Fat, total",5.5g,7.9g,– saturated,3.1g,4.4g,Carbohydrate,34.9g,49.8g,– sugars,2.5g,3.5g,Sodium,300mg,430mg
Helgas Wholemeal Wraps 8 pack,8,Servingsize:70g(1wrap),Energy,850kJ,1210kJ,Protein,5.3g,7.6g,"Fat, total",5.3g,7.6g,– saturated,3.0g,4.3g,Carbohydrate,31.3g,44.7g,– sugars,1.5g,2.1g,Sodium,280mg,400mg
Helga's Wraps Mixed Grain 560g 8pk,8,Servingsize:70g(1Wrap),Energy,900kJ,1280kJ,Protein,6.4g,9.1g,"Fat, total",6.2g,8.9g,– saturated,3.2g,4.6g,Carbohydrate,33.3g,47.5g,– sugars,2.2g,3.1g,Sodium,315mg,450mg
Helga's Grain Bread Mixed Grain 850g,9(16slices+2Crusts),Servingsize:94g(2slices),Energy,980kJ,1040kJ,Protein,9.0g,9.6g,"Fat, total",3.0g,3.2g,– saturated,<1.0g,<1.0g,Carbohydrate,40.4g,43.0g,– sugars,2.8g,3.0g,Sodium,380mg,400mg
Helga's Low Carb Wraps250g,5,Servingsize:50g(1Wrap),Energy,630kJ,1250kJ,Protein,6.9g,13.8g,"Fat, total",5.2g,10.3g,– saturated,2.2g,4.4g,Carbohydrate,17.1g,34.1g,– sugars,1.9g,3.7g,Sodium,230mg,450mg
Helgas Spinach & Herb Wraps 7 pack,7,Servingsize:70g(1wrap),Energy,890kJ,1270kJ,Protein,5.3g,7.5g,"Fat, total",5.5g,7.9g,– saturated,3.2g,4.5g,Carbohydrate,34.4g,49.1g,– sugars,1.4g,2.0g,Sodium,280mg,400mg
Woolworths Pikelets8 pack,8,Servingsize:100g,Energy,Approx. 238kJ,Approx. 950kJ,Protein,Approx. 1.3g,Approx. 5.3g,"Fat, total",Approx. 1.3g,Approx. 5.1g,– saturated,<1g,<1g,Carbohydrate,Approx. 9.4g,Approx. 37.7g,– sugars,Approx. 3g,Approx. 12.2g,Sodium,Approx. 92mg,Approx. 370mg
Tip Top 9 Grain Original Mini Loaf 400g,6(10slices+2crusts),Servingsize:67g(2slices),Energy,697kJ,1040kJ,Protein,8.1g,12.1g,"Fat, total",3.4g,5.0g,– saturated,0.4g,0.6g,Carbohydrate,23.5g,35.1g,– sugars,1.5g,2.2g,Sodium,268mg,400mg
Woolworths White Chocolate Cake400g,8,Servingsize:100g,Energy,Approx. 944kJ,Approx. 1888kJ,Protein,Approx. 1.7g,Approx. 3.4g,"Fat, total",Approx. 13.25g,Approx. 26.5g,– saturated,Approx. 4.15g,Approx. 8.3g,Carbohydrate,Approx. 25g,Approx. 50g,– sugars,Approx. 16.8g,Approx. 33.6g,Sodium,Approx. 98mg,Approx. 196mg
Tip Top Sunblest White Mini Loaf 400g,6(10slices+2crusts),Servingsize:67g(2slices),Energy,683kJ,1020kJ,Protein,5.6g,8.4g,"Fat, total",1.3g,2.0g,– saturated,0.4g,0.6g,Carbohydrate,31.0g,46.3g,– sugars,1.6g,2.4g,Sodium,268mg,400mg
Woolworths Choc Chip Muffin4 pack,1,Servingsize:105g(1Muffin),Energy,1600kJ,1530kJ,Protein,5.2g,5.0g,"Fat, total",14.2g,13.5g,– saturated,3.3g,3.1g,Carbohydrate,58.3g,55.5g,– sugars,30.1g,28.7g,Sodium,541mg,515mg
Woolworths Apple & Cinnamon Muffins 4 pack,4,Servingsize:100g,Energy,Approx. 1400kJ,Approx. 1340kJ,Protein,Approx. 4.9g,Approx. 4.7g,"Fat, total",Approx. 15.4g,Approx. 14.7g,– saturated,Approx. 7g,Approx. 6.7g,Carbohydrate,Approx. 44g,Approx. 41.9g,– sugars,Approx. 22.7g,Approx. 21.6g,Sodium,Approx. 485mg,Approx. 462mg
The Natural Food Group Iced Carrot Cake Slice Gluten Free 4 pack,4,Servingsize:100g,Energy,Approx. 2070.0kJ,Approx. 2070kJ,Protein,Approx. 5.7g,Approx. 5.7g,"Fat, total",Approx. 27.3g,Approx. 27.3g,,,,Carbohydrate,Approx. 56.9g,Approx. 56.9g,,,,Sodium,Approx. 378.0mg,Approx. 378mg
Purebred Bagels Poppy Seed 4 pack,4,Servingsize:1Bagel(80g),Energy,582kJ,727kJ,Protein,1.9g,2.4g,"Fat, total",1.5g,1.9g,– saturated,0.1g,0.2g,Carbohydrate,24.6g,30.7g,– sugars,1.5g,1.9g,Sodium,319m,399mg
Abes Blueberry Bagels4 pack,4,Servingsize:90g,Energy,Approx. 1089kJ,Approx. 1210kJ,Protein,Approx. 8.5g,Approx. 9.4g,"Fat, total",Approx. 1.9g,Approx. 2.1g,– saturated,Approx. 0.5g,Approx. 0.6g,Carbohydrate,Approx. 51.5g,Approx. 57.2g,– sugars,Approx. 11.6g,Approx. 12.9g,Sodium,Approx. 216mg,Approx. 240mg
Bakery Du Jour Brioche Burger Buns 4 pack,4,Servingsize:50g,Energy,Approx. 705kJ,Approx. 1410kJ,Protein,Approx. 4.7g,Approx. 9.4g,"Fat, total",Approx. 6g,Approx. 12g,– saturated,Approx. 2g,Approx. 4.1g,Carbohydrate,Approx. 22.9g,Approx. 45.9g,– sugars,Approx. 4.5g,Approx. 9g,Sodium,Approx. 112mg,Approx. 225mg
Woolworths Free From Gluten White Wraps4 pack,4,Servingsize:50g,Energy,Approx. 646kJ,Approx. 1290kJ,Protein,Approx. 2.5g,Approx. 5g,"Fat, total",Approx. 3.4g,Approx. 6.8g,– saturated,<1g,<1g,Carbohydrate,Approx. 27.7g,Approx. 55.4g,– sugars,Approx. 1.2g,Approx. 2.5g,Sodium,Approx. 177mg,Approx. 354mg
Helgas Gluten Free Traditional White Rolls 4 pack,4,Servingsize:80g(1Roll),Energy,820kJ,1020kJ,Protein,2.2g,2.8g,"Fat, total",3.6g,4.5g,– saturated,<1.0g,<1.0g,Carbohydrate,36.6g,45.7g,– sugars,2.2g,2.8g,Sodium,370mg,465mg
Baker & Co Garlic & Cheese Flatbread380g,4,Servingsize:95,Energy,1060,1230,Protein,7.3,8.4,"Fat, total",4,4.6,– saturated,0.5,0.6,Carbohydrate,42.2,52.6,– sugars,6.6,7.7,Sodium,392,456
Golden Crumpets Round Wholemeal 6 pack,6Crumpets,Servingsize:50g(1crumpet),Energy,390kJ,780kJ,Protein,2.9g,5.9g,"Fat, total",0.5g,0.9g,– saturated,0.1g,0.2g,Carbohydrate,18.3g,36.6g,– sugars,0.8g,1.6g,Sodium,300mg,600mg
Woolworths English Muffins6 pack,6,Servingsize:100g,Energy,Approx. 602kJ,Approx. 898kJ,Protein,Approx. 5.8g,Approx. 8.6g,"Fat, total",Approx. 1.5g,Approx. 2.3g,– saturated,<1g,<1g,Carbohydrate,Approx. 25.1g,Approx. 37.4g,– sugars,Approx. 1.7g,Approx. 2.6g,Sodium,Approx. 240mg,Approx. 358mg
Tip Top Raisin Toast520g,7(12slices+2crust),Servingsize:74g(2slices),Energy,837kJ,1130kJ,Protein,6.7g,9.1g,"Fat, total",1.5g,2.0g,– saturated,0.2g,0.3g,Carbohydrate,38.0g,51.4g,– sugars,12.4g,16.8g,Sodium,215mg,290mg
Woolworths All Butter Croissants4 pack,4,Servingsize:50g,Energy,746kJ,1490kJ,Protein,4.6g,9.2g,"Fat, total",7.8g,15.7g,– saturated,5.0g,10.0g,,,,,,,,,
Mighty Soft Raisin Toast600g,8.5(15Slicesand2Crust),Servingsize:70g(2Sice),Energy,870kJ,1240kJ,Protein,5.8g,8.3g,"Fat, total",2.1g,3.0g,– saturated,<1.0g,<1.0g,Carbohydrate,37.9g,54.2g,– sugars,13.4g,19.2g,Sodium,190mg,265mg
Helga's Bread Traditional Wholemeal 750g,9(16slicesand2crusts),Servingsize:83,Energy,820kJ,1000kJ,Protein,7.5g,9.0g,"Fat, total",2.1g,2.5g,– saturated,<1.0g,<1.0g,Carbohydrate,34.3g,41.5g,– sugars,2.5g,3.0g,Sodium,335mg,400mg
Woolworths Banana Bread Slices 5 pack,5,Servingsize:100g,Energy,Approx. 1420.0kJ,Approx. 1420kJ,Protein,Approx. 5.4g,Approx. 5.4g,"Fat, total",Approx. 15.5g,Approx. 15.5g,– saturated,Approx. 2.9g,Approx. 2.9g,Carbohydrate,Approx. 43.4g,Approx. 43.4g,– sugars,Approx. 25.4g,Approx. 25.4g,Sodium,Approx. 299.0mg,Approx. 299mg
Golden Crumpets Round 6 pack,6crumpets,Servingsize:50g(1crumpet),Energy,360kJ,719kJ,Protein,2.8g,5.7g,"Fat, total",0.5g,1.0g,– saturated,0.1g,0.2g,Carbohydrate,16.7g,33.4g,– sugars,0.9g,1.8g,Sodium,305mg,610mg
Woolworths Wholemeal Soft Sandwich Bread 650g,11,Servingsize:100g,Energy,Approx. 595kJ,Approx. 992kJ,Protein,Approx. 6.9g,Approx. 11.5g,"Fat, total",Approx. 1.3g,Approx. 2.2g,– saturated,<1g,<1g,Carbohydrate,Approx. 23.7g,Approx. 39.5g,– sugars,Approx. 1.9g,Approx. 3.2g,Sodium,Approx. 204mg,Approx. 340mg
Helga's Grain Bread Mixed Grain 850g,9(16slices+2Crusts),Servingsize:94g(2slices),Energy,980kJ,1040kJ,Protein,9.0g,9.6g,"Fat, total",3.0g,3.2g,– saturated,<1.0g,<1.0g,Carbohydrate,40.4g,43.0g,– sugars,2.8g,3.0g,Sodium,380mg,400mg
Woolworths White Soft Sandwich Bread 650g,11,Servingsize:100g,Energy,Approx. 616kJ,Approx. 1030kJ,Protein,Approx. 4.9g,Approx. 8.1g,"Fat, total",Approx. 1.2g,Approx. 2g,– saturated,<1g,<1g,Carbohydrate,Approx. 28g,Approx. 46.7g,– sugars,Approx. 2.2g,Approx. 3.6g,Sodium,Approx. 210mg,Approx. 350mg
Wonder White Bread Vitamins & Minerals Sandwich 700g,9.5,Servingsize:74g(2slices),Energy,710kJ,955kJ,Protein,5.8g,7.8g,"Fat, total",1.6g,2.1g,– saturated,<1.0g,<1.0g,Carbohydrate,29.7g,40.2g,– sugars,2.1g,2.8g,Sodium,295mg,400mg
The One Tip Top Sandwich Bread White 700g,17slices+2crusts,Servingsize:74g(2slices),Energy,703kJ,950kJ,Protein,6.0g,8.1g,"Fat, total",1.6g,2.1g,– saturated,0.3g,0.4g,Carbohydrate,29.5g,39.8g,– sugars,2.2g,3.0g,Sodium,296mg,400mg
Wonder White Wholemeal With Iron Sandwich Slice 700g,9.5,Servingsize:74g(2slices),Energy,730kJ,980kJ,Protein,6.7g,9.1g,"Fat, total",2.4g,3.2g,– saturated,<1.0g,<1.0g,Carbohydrate,28.0g,37.8g,– sugars,2.0g,2.7g,Sodium,295mg,400mg
Tip Top English Muffins Original 6 pack,6,Servingsize:67g(1Muffin),Energy,553kJ,826kJ,Protein,4.8g,7.1g,"Fat, total",1.4g,2.1g,– saturated,0.3g,0.5g,Carbohydrate,23.5g,35.0g,– sugars,1.5g,2.2g,Sodium,198mg,296mg
The One Tip Top Sandwich Bread Wholemeal 700g,17slices+2crusts,Servingsize:74g(2slices),Energy,723kJ,977kJ,Protein,7.2g,9.7g,"Fat, total",2.3g,3.1g,– saturated,0.4g,0.5g,Carbohydrate,27.4g,37.0g,– sugars,2.2g,3.1g,Sodium,289mg,390mg
Wonder White White Hi Fibre Sandwich Slice Bread 700g,9.5,Servingsize:74g(2slices),Energy,710kJ,955kJ,Protein,5.8g,7.8g,"Fat, total",1.6g,2.1g,– saturated,<1.0g,<1.0g,Carbohydrate,29.7g,40.2g,– sugars,2.1g,2.8g,Sodium,295mg,400mg
The One Tip Top Toast Bread White 700g,17slices+2crusts,Servingsize:74g(2slices),Energy,741kJ,950kJ,Protein,6.3g,8.1g,"Fat, total",1.6g,2.1g,– saturated,0.3g,0.4g,Carbohydrate,31.0g,39.8g,– sugars,2.3g,3.0g,Sodium,312mg,400mg
Baker & Co Cheese & Bacon Flatbread380g,4,Servingsize:95,Energy,1140,1200,Protein,10.4,11,"Fat, total",9.7,10.2,– saturated,4.2,4.4,Carbohydrate,34.4,36.2,– sugars,0.2,0.2,Sodium,575,605
Abe's Bagel Bakery Multigrain Bagels 360g 4pk,4,Servingsize:90g(1bagel),Energy,989kJ,1100kJ,Protein,10.3g,11.5g,"Fat, total",1.4g,1.5g,– saturated,0.2g,0.3g,Carbohydrate,0mg,0mg,– sugars,5.8g,6.5g,Sodium,351mg,390mg
Abe's Bagel Bakery Natural Bagels 360g 4pk,4,Servingsize:90g(1bagel),Energy,1000kJ,1120kJ,Protein,8.3g,9.3g,"Fat, total",1.2g,1.3g,– saturated,0.2g,0.2g,Carbohydrate,47.1g,52.4g,– sugars,0mg,0m,Sodium,370mg,411mg
Toscano Waffles Choc Chip 360g,4,Servingsize:90g(1Waffle),Energy,1708kJ,1898kJ,Protein,4.8g,5.3g,"Fat, total",21.1g,23.5g,– saturated,11.2g,12.5g,Carbohydrate,48.7g,54.1g,– sugars,28.4g,31.6g,Sodium,350mg,390mg
Woolworths Wholegrain Wrap 8pk 360g,8,Servingsize:45(1Wrap),Energy,496kJ,1100kJ,Protein,4.3g,9.6g,"Fat, total",2.4g,5.4g,– saturated,1.2g,2.6g,Carbohydrate,18.1g,40.3g,– sugars,1.2g,2.6g,Sodium,158mg,351mg
Woolworths Select Mini Double Choc Muffins 8pk 320g,8,Servingsize:40g(1Muffin),Energy,643kJ,1610kJ,Protein,2.3g,5.7g,"Fat, total",7.6g,19.1g,– saturated,1.5g,3.8g,Carbohydrate,18.9g,47.3g,– sugars,9.9g,24.8g,Sodium,212mg,530mg
Woolworths Select Mini Blueberry Muffins 8pk 320g,8,Servingsize:40g(1muffin),Energy,546kJ,1370kJ,Protein,1.7g,4.2g,"Fat, total",6.2g,15.5g,– saturated,<1.0g,1.6g,Carbohydrate,17.0g,42.4g,– sugars,9.4g,23.4g,Sodium,202mg,506mg
Sonoma CountryWhite Baguette 320g,5,Servingsize:64g,Energy,616kJ,963kJ,Protein,5.3g,8.3g,"Fat, total",0.7g,1.1g,– saturated,0.1g,0.1g,Carbohydrate,27.5g,43.0g,– sugars,0.1g,0.2g,Sodium,358mg,560mg
Woolworths Lemon Madeira Cake315g,10,Servingsize:100g,Energy,Approx. 495kJ,Approx. 1600kJ,Protein,Approx. 1.3g,Approx. 4.1g,"Fat, total",Approx. 4.3g,Approx. 13.9g,– saturated,Approx. 1.1g,Approx. 3.4g,Carbohydrate,Approx. 18.4g,Approx. 59.3g,– sugars,Approx. 13g,Approx. 41.9g,Sodium,Approx. 84mg,Approx. 270mg
Woolworths Carrot Cake300g,6,Servingsize:100g,Energy,Approx. 731kJ,Approx. 1460kJ,Protein,Approx. 2.7g,Approx. 5.4g,"Fat, total",Approx. 8.6g,Approx. 17.1g,– saturated,Approx. 4g,Approx. 8g,Carbohydrate,Approx. 21.7g,Approx. 43.4g,– sugars,Approx. 13.2g,Approx. 26.4g,Sodium,Approx. 199mg,Approx. 398mg
Woolworths Banana Cake300g,6,Servingsize:50g,Energy,Approx. 639kJ,Approx. 1280kJ,Protein,Approx. 1.6g,Approx. 3.3g,"Fat, total",Approx. 3.4g,Approx. 6.7g,– saturated,Approx. 1g,Approx. 1.8g,Carbohydrate,Approx. 28.6g,Approx. 57.3g,– sugars,Approx. 18.6g,Approx. 37.2g,Sodium,Approx. 170mg,Approx. 341mg
Woolworths Sourdough Cheese Tomato Flatbread 300g,4,Servingsize:75g,Energy,Approx. 869kJ,Approx. 1160kJ,Protein,Approx. 7.1g,Approx. 9.5g,"Fat, total",Approx. 5.9g,Approx. 7.9g,– saturated,Approx. 2g,Approx. 2.6g,Carbohydrate,Approx. 30.1g,Approx. 40.1g,– sugars,Approx. 1.7g,Approx. 2.3g,Sodium,Approx. 404mg,Approx. 539mg
Woolworths Sourdough Cheese Pesto Flatbread 300g,4,Servingsize:75g,Energy,Approx. 860kJ,Approx. 1150kJ,Protein,Approx. 8.9g,Approx. 11.9g,"Fat, total",Approx. 6.2g,Approx. 8.2g,– saturated,Approx. 2g,Approx. 2.7g,Carbohydrate,Approx. 26.7g,Approx. 35.6g,– sugars,Approx. 2.5g,Approx. 3.3g,Sodium,Approx. 395mg,Approx. 527mg
Woolworths Cheese Jalapeno Tear'n Share300g,4,Servingsize:75g,Energy,Approx. 839kJ,Approx. 1120kJ,Protein,Approx. 7.4g,Approx. 9.8g,"Fat, total",Approx. 7.1g,Approx. 9.4g,– saturated,Approx. 2.6g,Approx. 3.5g,Carbohydrate,Approx. 25.3g,Approx. 33.7g,– sugars,Approx. 2.2g,Approx. 2.9g,Sodium,Approx. 429mg,Approx. 572mg
Mission Pizza Bases Round 2pk 200g,2,Servingsize:100g,,,,,,,,,,,,,Carbohydrate,Approx. 49.3g,Approx. 49.3g,,,,Sodium,Approx. 521.0mg,Approx. 521mg
Mission Round Pizza Bases Garlic 2pk 200g,2,Servingsize:100g(1PizzaBase),Energy,1180kJ,1180kJ,Protein,8.8g,8.8g,"Fat, total",4.7g,4.7g,– saturated,1.8g,1.8g,Carbohydrate,48.9g,48.9g,– sugars,5.3g,5.3g,Sodium,600mg,600mg
Toscano Classic Brioche Rolls 280g,8,Servingsize:35g(1Roll),Energy,512kJ,1464kJ,Protein,2.8g,7.9g,"Fat, total",3.7g,10.6g,– saturated,0.6g,1.6g,Carbohydrate,19.0g,54.2g,– sugars,4.3g,12.3g,Sodium,150mg,433mg
Toscano Chocolate Chip Brioche Rolls 280g,8,Servingsize:35g(1Roll),Energy,525kJ,1501kJ,Protein,2.9g,8.2g,"Fat, total",4.3g,12.3g,– saturated,1.1g,3.2g,Carbohydrate,18.3g,52.3g,– sugars,6.0g,17.0g,Sodium,130mg,385mg
Bare Bakers Choc Brownie 270g,6,Servingsize:Approx45g,Energy,833KJ,1850KJ,Protein,2.0g,4.5g,"Fat, total",9.0g,20.0g,– saturated,3.3g,7.4g,Carbohydrate,27.0g,60.0g,– sugars,18.5g,41.0g,Sodium,70mg,155mg
Bare Bakers Salted Caramel Choc Brownie 270g,6,Servingsize:Approx45g,Energy,178KJ,1950KJ,Protein,2.0g,4.4g,"Fat, total",11.4g,25.4g,– saturated,6.0g,13.4g,Carbohydrate,24.7g,54.9g,– sugars,20.0g,44.5g,Sodium,83mg,184mg
Toscano Pizza Bruschettina270g,9,Servingsize:30g,Energy,Approx. 411kJ,Approx. 1370kJ,Protein,Approx. 2.4g,Approx. 8g,"Fat, total",Approx. 1.7g,Approx. 5.6g,– saturated,Approx. 0.4g,Approx. 1.4g,Carbohydrate,Approx. 18g,Approx. 60g,– sugars,Approx. 0.6g,Approx. 2g,Sodium,Approx. 236mg,Approx. 785mg
Nomad Bake At Home Original Turkish 250g,5,Servingsize:50g,Energy,Approx. 620kJ,Approx. 1240kJ,Protein,Approx. 5.1g,Approx. 10.2g,"Fat, total",Approx. 1.5g,Approx. 3g,– saturated,<1g,<1g,Carbohydrate,Approx. 27.4g,Approx. 54.8g,– sugars,<1g,<1g,Sodium,Approx. 300mg,Approx. 600mg
Nomad Bake At Home Seeded Turkish 250g,5,Servingsize:50g,Energy,Approx. 747kJ,Approx. 1495kJ,Protein,Approx. 6.3g,Approx. 12.5g,"Fat, total",Approx. 4.7g,Approx. 9.4g,– saturated,Approx. 1g,Approx. 1.2g,Carbohydrate,Approx. 26.4g,Approx. 52.7g,– sugars,<1g,<1g,Sodium,Approx. 283mg,Approx. 567mg
Golden Crumpets Round Wholemeal 6 pack,6Crumpets,Servingsize:50g(1crumpet),Energy,390kJ,780kJ,Protein,2.9g,5.9g,"Fat, total",0.5g,0.9g,– saturated,0.1g,0.2g,Carbohydrate,18.3g,36.6g,– sugars,0.8g,1.6g,Sodium,300mg,600mg
Helga's Bread Traditional Wholemeal 750g,9(16slicesand2crusts),Servingsize:83,Energy,820kJ,1000kJ,Protein,7.5g,9.0g,"Fat, total",2.1g,2.5g,– saturated,<1.0g,<1.0g,Carbohydrate,34.3g,41.5g,– sugars,2.5g,3.0g,Sodium,335mg,400mg
Woolworths English Muffins6 pack,6,Servingsize:100g,Energy,Approx. 602kJ,Approx. 898kJ,Protein,Approx. 5.8g,Approx. 8.6g,"Fat, total",Approx. 1.5g,Approx. 2.3g,– saturated,<1g,<1g,Carbohydrate,Approx. 25.1g,Approx. 37.4g,– sugars,Approx. 1.7g,Approx. 2.6g,Sodium,Approx. 240mg,Approx. 358mg
The One Tip Top Sandwich Bread Wholemeal 700g,17slices+2crusts,Servingsize:74g(2slices),Energy,723kJ,977kJ,Protein,7.2g,9.7g,"Fat, total",2.3g,3.1g,– saturated,0.4g,0.5g,Carbohydrate,27.4g,37.0g,– sugars,2.2g,3.1g,Sodium,289mg,390mg
Tip Top English Muffins Original 6 pack,6,Servingsize:67g(1Muffin),Energy,553kJ,826kJ,Protein,4.8g,7.1g,"Fat, total",1.4g,2.1g,– saturated,0.3g,0.5g,Carbohydrate,23.5g,35.0g,– sugars,1.5g,2.2g,Sodium,198mg,296mg
Tip Top Raisin Toast520g,7(12slices+2crust),Servingsize:74g(2slices),Energy,837kJ,1130kJ,Protein,6.7g,9.1g,"Fat, total",1.5g,2.0g,– saturated,0.2g,0.3g,Carbohydrate,38.0g,51.4g,– sugars,12.4g,16.8g,Sodium,215mg,290mg
Wonder White Wholemeal With Iron Sandwich Slice 700g,9.5,Servingsize:74g(2slices),Energy,730kJ,980kJ,Protein,6.7g,9.1g,"Fat, total",2.4g,3.2g,– saturated,<1.0g,<1.0g,Carbohydrate,28.0g,37.8g,– sugars,2.0g,2.7g,Sodium,295mg,400mg
Woolworths White Soft Sandwich Bread 650g,11,Servingsize:100g,Energy,Approx. 616kJ,Approx. 1030kJ,Protein,Approx. 4.9g,Approx. 8.1g,"Fat, total",Approx. 1.2g,Approx. 2g,– saturated,<1g,<1g,Carbohydrate,Approx. 28g,Approx. 46.7g,– sugars,Approx. 2.2g,Approx. 3.6g,Sodium,Approx. 210mg,Approx. 350mg
Golden Crumpets Round 6 pack,6crumpets,Servingsize:50g(1crumpet),Energy,360kJ,719kJ,Protein,2.8g,5.7g,"Fat, total",0.5g,1.0g,– saturated,0.1g,0.2g,Carbohydrate,16.7g,33.4g,– sugars,0.9g,1.8g,Sodium,305mg,610mg
Woolworths Banana Bread Slices 5 pack,5,Servingsize:100g,Energy,Approx. 1420.0kJ,Approx. 1420kJ,Protein,Approx. 5.4g,Approx. 5.4g,"Fat, total",Approx. 15.5g,Approx. 15.5g,– saturated,Approx. 2.9g,Approx. 2.9g,Carbohydrate,Approx. 43.4g,Approx. 43.4g,– sugars,Approx. 25.4g,Approx. 25.4g,Sodium,Approx. 299.0mg,Approx. 299mg
Woolworths All Butter Croissants4 pack,4,Servingsize:50g,Energy,746kJ,1490kJ,Protein,4.6g,9.2g,"Fat, total",7.8g,15.7g,– saturated,5.0g,10.0g,,,,,,,,,
Woolworths Wholemeal Soft Sandwich Bread 650g,11,Servingsize:100g,Energy,Approx. 595kJ,Approx. 992kJ,Protein,Approx. 6.9g,Approx. 11.5g,"Fat, total",Approx. 1.3g,Approx. 2.2g,– saturated,<1g,<1g,Carbohydrate,Approx. 23.7g,Approx. 39.5g,– sugars,Approx. 1.9g,Approx. 3.2g,Sodium,Approx. 204mg,Approx. 340mg
The One Tip Top Sandwich Bread White 700g,17slices+2crusts,Servingsize:74g(2slices),Energy,703kJ,950kJ,Protein,6.0g,8.1g,"Fat, total",1.6g,2.1g,– saturated,0.3g,0.4g,Carbohydrate,29.5g,39.8g,– sugars,2.2g,3.0g,Sodium,296mg,400mg
Wonder White Bread Vitamins & Minerals Sandwich 700g,9.5,Servingsize:74g(2slices),Energy,710kJ,955kJ,Protein,5.8g,7.8g,"Fat, total",1.6g,2.1g,– saturated,<1.0g,<1.0g,Carbohydrate,29.7g,40.2g,– sugars,2.1g,2.8g,Sodium,295mg,400mg
The One Tip Top Toast Bread White 700g,17slices+2crusts,Servingsize:74g(2slices),Energy,741kJ,950kJ,Protein,6.3g,8.1g,"Fat, total",1.6g,2.1g,– saturated,0.3g,0.4g,Carbohydrate,31.0g,39.8g,– sugars,2.3g,3.0g,Sodium,312mg,400mg
Helga's Grain Bread Mixed Grain 850g,9(16slices+2Crusts),Servingsize:94g(2slices),Energy,980kJ,1040kJ,Protein,9.0g,9.6g,"Fat, total",3.0g,3.2g,– saturated,<1.0g,<1.0g,Carbohydrate,40.4g,43.0g,– sugars,2.8g,3.0g,Sodium,380mg,400mg
Mighty Soft Raisin Toast600g,8.5(15Slicesand2Crust),Servingsize:70g(2Sice),Energy,870kJ,1240kJ,Protein,5.8g,8.3g,"Fat, total",2.1g,3.0g,– saturated,<1.0g,<1.0g,Carbohydrate,37.9g,54.2g,– sugars,13.4g,19.2g,Sodium,190mg,265mg
Wonder White White Hi Fibre Sandwich Slice Bread 700g,9.5,Servingsize:74g(2slices),Energy,710kJ,955kJ,Protein,5.8g,7.8g,"Fat, total",1.6g,2.1g,– saturated,<1.0g,<1.0g,Carbohydrate,29.7g,40.2g,– sugars,2.1g,2.8g,Sodium,295mg,400mg
Toscano Pizza Base2 pack,2,Servingsize:Approx.150g(1Pizzabase),Energy,1770kJ,1180kJ,Protein,11.4g,7.6g,"Fat, total",1.2g,0.8g,– saturated,0.2g,0.1g,Carbohydrate,88.7g,59.1g,– sugars,1.8g,1.2g,Sodium,1080mg,720mg
Sauers Bread Rolls Turkish 2 pack,2,Servingsize:165g,Energy,1600kJ,967kJ,Protein,11.7g,7.1g,"Fat, total",2.8g,1.7g,– saturated,0.3g,0.2g,Carbohydrate,74.2g,45.0g,– sugars,2.0g,1.2g,Sodium,631mg,382mg
Old Time Pizza Bases Gluten Free 2 pack,2,Servingsize:150g,Energy,1577.6kJ,1052kJ,Protein,7.4g,4.9g,"Fat, total",3.3g,2.2g,– saturated,0.3g,0.2g,Carbohydrate,78.2g,52.1g,– sugars,5.7g,3.8g,Sodium,570mg,380mg
Menissez Bake At Home White Baguettes 2 pack,6,Servingsize:50g,Energy,Approx. 528kJ,Approx. 1056kJ,Protein,Approx. 3.6g,Approx. 7.2g,"Fat, total",Approx. 0.5g,Approx. 0.9g,– saturated,Approx. 0.1g,Approx. 0.2g,Carbohydrate,Approx. 26g,Approx. 52g,– sugars,Approx. 1.9g,Approx. 3.7g,Sodium,Approx. 297mg,Approx. 594mg
Toscano Chocolate Filled Crepes192g,6,Servingsize:Approx.32g(1crepe),Energy,611kJ,1909kJ,Protein,2.0g,6.4g,"Fat, total",19.0g,59.0g,– saturated,12.0g,36.0g,Carbohydrate,6.8g,21.0g,– sugars,1.8g,5.6g,Sodium,90mg,281mg
Woolworths Free From Gluten Pizza Base 190g,2,Servingsize:95g,Energy,Approx. 1090kJ,Approx. 1150kJ,Protein,Approx. 1.5g,Approx. 1.6g,"Fat, total",Approx. 6.9g,Approx. 7.3g,– saturated,<1g,<1g,Carbohydrate,Approx. 44.7g,Approx. 47.1g,– sugars,Approx. 2.6g,Approx. 2.7g,Sodium,Approx. 211mg,Approx. 222mg
Toscano Gluten Free Pizza Base180g,1,Servingsize:Approx.180g,Energy,1720kJ,958kJ,Protein,14.4g,8.0g,"Fat, total",0.2g,0.1g,– saturated,<0.1g,<0.1g,Carbohydrate,88.2g,49.0g,– sugars,<0.1g,<0.1g,Sodium,1260mg,700mg
Woolworths Lamington Fingers18 pack,18,Servingsize:19g,Energy,Approx. 263kJ,Approx. 1360kJ,Protein,Approx. 1g,Approx. 4.5g,"Fat, total",Approx. 2.1g,Approx. 10.8g,– saturated,Approx. 1.4g,Approx. 7.4g,Carbohydrate,Approx. 9.4g,Approx. 48.5g,– sugars,Approx. 6.5g,Approx. 33.5g,Sodium,Approx. 48mg,Approx. 250mg
Four N Twenty Classic Pastie 175g,1,Servingsize:175g(1Pastie),Energy,1850kJ,1060kJ,Protein,9.1g,5.2g,"Fat, total",24.5g,14.0g,– saturated,12.3g,7.0g,Carbohydrate,45.5g,26.0g,– sugars,1.8g,1.0g,Sodium,575mg,330mg
Bare Bakers Cornflake Crispy Bites 162g,Approx.12,Servingsize:13.5g(1Bite),Energy,277KJ,2053KJ,Protein,0.8g,6.3g,"Fat, total",3.1g,23.2g,– saturated,1.9g,14.3g,Carbohydrate,8.4g,62.5g,– sugars,5.5g,40.5g,Sodium,26mg,188mg
Four'n'twenty King Size Sausage Roll Single Wrap 160g,1,Servingsize:180g,Energy,2120kJ,1180kJ,Protein,13.6g,7.6g,"Fat, total",27.5g,15.3g,– saturated,14.4g,8.0g,Carbohydrate,49.8g,27.7g,– sugars,0.8g,0.5g,Sodium,1110mg,616mg
Toscano Macarons144g,12,Servingsize:12g(1Macaron),Energy,244kJ,2030kJ,Protein,1.2g,10.1g,"Fat, total",3.1g,25.8g,– saturated,0.9g,7.5g,Carbohydrate,5.9g,48.9g,– sugars,5.5g,45.5g,Sodium,5mg,40mg
Bare Bakers Salted Caramel Bites 140g,Approx.12,Servingsize:11.6g(1Bite),Energy,236KJ,2031KJ,Protein,0.5g,4.1g,"Fat, total",2.6g,22.5g,– saturated,1.5g,12.5g,Carbohydrate,7.6g,65.4g,– sugars,5.4g,46.3g,Sodium,28mg,244mg
Bare Bakers Brownie Bites 132g,Approx.12,Servingsize:11g(1Bite),Energy,214KJ,1945KJ,Protein,0.6g,5.7g,"Fat, total",3.1g,28.2g,– saturated,1.6g,14.6g,Carbohydrate,5.2g,47.3g,– sugars,3.8g,34.2g,Sodium,6mg,56mg
Woolworths Vol Au Vent Petite Unfilled 12pk 85g,12,Servingsize:100g,Energy,Approx. 163kJ,Approx. 2330kJ,Protein,Approx. 1g,Approx. 8.1g,"Fat, total",Approx. 2.7g,Approx. 38g,– saturated,Approx. 1.9g,Approx. 26.9g,Carbohydrate,Approx. 3.2g,Approx. 45.3g,– sugars,Approx. 1g,Approx. 1.3g,Sodium,Approx. 21mg,Approx. 304mg
Menissez Bake At Home White Dinner Rolls 12pk,12,Servingsize:50g,Energy,Approx. 528kJ,Approx. 1056kJ,Protein,Approx. 3.6g,Approx. 7.2g,"Fat, total",Approx. 0.5g,Approx. 0.9g,– saturated,Approx. 0.1g,Approx. 0.2g,Carbohydrate,Approx. 26g,Approx. 52g,– sugars,Approx. 1.9g,Approx. 3.7g,Sodium,Approx. 297mg,Approx. 594mg
Mission Wraps Soft & Fluffy 12 pack,12,Servingsize:37.5g,Energy,Approx. 465kJ,Approx. 1240kJ,Protein,Approx. 3g,Approx. 8.1g,"Fat, total",Approx. 3.2g,Approx. 8.6g,– saturated,Approx. 1.6g,Approx. 4.2g,Carbohydrate,Approx. 16.9g,Approx. 45.1g,– sugars,Approx. 1.2g,Approx. 3.3g,Sodium,Approx. 320mg,Approx. 853mg
Woolworths Meringues Vanilla Minis 100g,10,Servingsize:10g,Energy,Approx. 168kJ,Approx. 1680kJ,Protein,Approx. 0.5g,Approx. 4.9g,"Fat, total",<1g,<1g,– saturated,<1g,<1g,Carbohydrate,Approx. 9.3g,Approx. 93.2g,– sugars,Approx. 9.2g,Approx. 92.3g,Sodium,Approx. 8mg,Approx. 83mg
Woolworths Meringue Nests 10 pack,10,Servingsize:100g,Energy,Approx. 167kJ,Approx. 1670kJ,Protein,Approx. 0.5g,Approx. 5g,"Fat, total",<1g,<1g,– saturated,<1g,<1g,Carbohydrate,Approx. 9.3g,Approx. 93.3g,– sugars,Approx. 9.3g,Approx. 92.7g,Sodium,Approx. 8mg,Approx. 82mg
Woolwlorths Muffin Bar Double Chocolate 10 pack,10,Servingsize:Approx.42g(1piece),Energy,697kJ,1660kJ,Protein,2.4g,5.6g,"Fat, total",7.7g,18.3g,– saturated,1.6g,3.8g,Carbohydrate,21.4g,51.0g,– sugars,12.5g,29.7g,Sodium,129mg,308mg
Woolworths Muffin Bar Banana 10 pack,10,Servingsize:Approx.42g(1piece),Energy,639kJ,1520kJ,Protein,1.9g,4.5g,"Fat, total",6.7g,15.9g,– saturated,<1.0g,1.9g,Carbohydrate,20.9g,49.7g,– sugars,11.8g,28.0g,Sodium,137mg,327mg
Woolworths Caramel Muffin Bars10 pack,10,Servingsize:Approx.42g(1piece),Energy,686kJ,1630kJ,Protein,1.9g,4.5g,"Fat, total",6.7g,16.0g,– saturated,<1.0g,1.9g,Carbohydrate,23.6g,56.3g,– sugars,14.1g,33.6g,Sodium,155mg,368mg
